UZA,UZA Name,UZA Population,Total Vehicle Revenue Miles,Total Vehicle Revenue Hours,Total Miles,Total Unlinked Passenger Trips,Total Operating Expenses,Fixed Guideway Directional Route Miles,Fixed Guideway Vehicle Revenue Miles,Fixed Guideway Passenger Miles,Fixed Guideway Operating Expenses,Non-Fixed Guideway Vehicle Revenue Miles,Non-Fixed Guideway Passenger Miles,Non-Fixed Guideway Operating Expenses,Fixed Guideway Directional Route Miles >= 7 Years,Fixed Guideway Vehicle Revenue Miles >= 7 Years,High Intensity Bus Directional Route Miles >= 7 Years,High Intensity Bus Vehicle Revenue Miles >= 7 Years
0,Alabama Non-UZA,,"5,837,073","341,147","3,737,194","1,583,938","$16,915,775",0.0,0,0,$0,"5,837,073","3,737,194","$16,915,775",0.0,0,0.0,0
0,Alaska Non-UZA,,"4,072,666","222,117","22,621,910","1,954,878","$67,608,693",914.8,"1,089,223","22,621,910","$47,509,910","2,983,443",0,"$20,098,783",914.8,"1,089,223",0.0,0
0,American Samoa Non-UZA,,"147,007","13,625",0,"26,358","$654,283",0.0,0,0,$0,"147,007",0,"$654,283",0.0,0,0.0,0
0,Arizona Non-UZA,,"5,628,984","297,612","3,922,031","2,000,611","$20,083,001",0.0,0,0,$0,"5,628,984","3,922,031","$20,083,001",0.0,0,0.0,0
0,Arkansas Non-UZA,,"12,331,660","651,957","15,760","1,000,272","$20,599,427",0.0,0,0,$0,"12,331,660","15,760","$20,599,427",0.0,0,0.0,0
0,California Non-UZA,,"26,306,538","1,446,087","41,988,853","11,915,497","$135,491,490",0.0,0,0,$0,"26,306,538","41,988,853","$135,491,490",0.0,0,0.0,0
0,Colorado Non-UZA,,"20,416,522","1,364,349","427,465","17,302,002","$94,335,916",0.0,0,0,$0,"20,416,522","427,465","$94,335,916",0.0,0,0.0,0
0,Connecticut Non-UZA,,"1,554,701","100,846","2,244,457","844,578","$6,848,917",0.0,0,0,$0,"1,554,701","2,244,457","$6,848,917",0.0,0,0.0,0
0,Delaware Non-UZA,,"3,199,039","181,574","5,226,135","548,021","$22,002,977",0.0,0,0,$0,"3,199,039","5,226,135","$22,002,977",0.0,0,0.0,0
0,Florida Non-UZA,,"21,074,199","1,437,052","31,560,488","6,780,079","$70,243,533",0.0,0,0,$0,"21,074,199","31,560,488","$70,243,533",0.0,0,0.0,0
0,Georgia Non-UZA,,"16,104,391","920,045","405,892","1,629,408","$31,155,992",0.0,0,0,$0,"16,104,391","405,892","$31,155,992",0.0,0,0.0,0
0,Guam Non-UZA,,"406,445","48,042",0,"162,115","$3,746,416",0.0,0,0,$0,"406,445",0,"$3,746,416",0.0,0,0.0,0
0,Hawaii Non-UZA,,"5,226,165","291,738","5,226,151","2,460,853","$23,369,482",0.0,0,0,$0,"5,226,165","5,226,151","$23,369,482",0.0,0,0.0,0
0,Idaho Non-UZA,,"3,629,145","192,217","1,552,504","1,211,999","$11,179,689",0.0,0,0,$0,"3,629,145","1,552,504","$11,179,689",0.0,0,0.0,0
0,Illinois Non-UZA,,"21,079,446","1,111,336","9,323,551","4,417,840","$62,906,565",0.0,0,0,$0,"21,079,446","9,323,551","$62,906,565",0.0,0,0.0,0
0,Indiana Non-UZA,,"12,741,232","837,227","405,897","2,251,069","$31,263,703",0.0,0,0,$0,"12,741,232","405,897","$31,263,703",0.0,0,0.0,0
0,Iowa Non-UZA,,"15,170,293","1,082,473","686,010","4,080,191","$47,057,210",0.0,0,0,$0,"15,170,293","686,010","$47,057,210",0.0,0,0.0,0
0,Kansas Non-UZA,,"7,578,208","419,298","69,041","1,540,316","$18,332,949",0.0,0,0,$0,"7,578,208","69,041","$18,332,949",0.0,0,0.0,0
0,Kentucky Non-UZA,,"30,128,730","1,772,053","1,625,589","2,838,812","$57,775,936",0.0,0,0,$0,"30,128,730","1,625,589","$57,775,936",0.0,0,0.0,0
0,Louisiana Non-UZA,,"5,564,711","318,616","480,624","651,848","$14,913,793",1.0,"4,712","58,134","$869,656","5,559,999","422,490","$14,044,137",0.0,0,0.0,0
0,Maine Non-UZA,,"13,395,743","638,699","1,470,131","2,116,458","$36,821,396",7.5,"22,143","1,040,877","$1,653,372","13,373,600","429,254","$35,168,024",7.5,"22,143",0.0,0
0,Maryland Non-UZA,,"6,162,333","401,170","5,221,392","3,905,725","$23,140,954",0.0,0,0,$0,"6,162,333","5,221,392","$23,140,954",0.0,0,0.0,0
0,Massachusetts Non-UZA,,"3,147,859","211,853","4,044,709","2,643,069","$15,905,290",0.0,0,0,$0,"3,147,859","4,044,709","$15,905,290",0.0,0,0.0,0
0,Michigan Non-UZA,,"31,503,081","1,830,004","6,891,653","7,714,030","$102,890,426",0.0,0,0,$0,"31,503,081","6,891,653","$102,890,426",0.0,0,0.0,0
0,Minnesota Non-UZA,,"15,310,375","971,778","679,849","4,184,422","$55,303,291",0.0,0,0,$0,"15,310,375","679,849","$55,303,291",0.0,0,0.0,0
0,Mississippi Non-UZA,,"12,438,020","538,894","1,084,823","3,182,512","$24,726,829",0.0,0,0,$0,"12,438,020","1,084,823","$24,726,829",0.0,0,0.0,0
0,Missouri Non-UZA,,"22,061,771","1,191,923","18,241","2,280,685","$45,293,125",0.0,0,0,$0,"22,061,771","18,241","$45,293,125",0.0,0,0.0,0
0,Montana Non-UZA,,"5,288,270","353,384",0,"1,430,916","$15,978,343",0.0,0,0,$0,"5,288,270",0,"$15,978,343",0.0,0,0.0,0
0,Nebraska Non-UZA,,"3,718,918","233,337",0,"678,139","$10,885,955",0.0,0,0,$0,"3,718,918",0,"$10,885,955",0.0,0,0.0,0
0,Nevada Non-UZA,,"2,317,353","133,216","1,638,233","638,009","$8,808,036",0.0,0,0,$0,"2,317,353","1,638,233","$8,808,036",0.0,0,0.0,0
0,New Hampshire Non-UZA,,"1,243,608","103,420","111,826","996,294","$5,955,079",0.0,0,0,$0,"1,243,608","111,826","$5,955,079",0.0,0,0.0,0
0,New Jersey Non-UZA,,"2,250,328","149,339","424,727","450,367","$9,263,829",0.0,0,0,$0,"2,250,328","424,727","$9,263,829",0.0,0,0.0,0
0,New Mexico Non-UZA,,"5,384,909","297,929","1,013,699","1,687,518","$24,803,135",0.0,0,0,$0,"5,384,909","1,013,699","$24,803,135",0.0,0,0.0,0
0,New York Non-UZA,,"15,002,211","812,809","7,506,943","5,671,501","$62,510,547",0.0,0,0,$0,"15,002,211","7,506,943","$62,510,547",0.0,0,0.0,0
0,North Carolina Non-UZA,,"32,344,992","1,746,510","3,444,638","5,099,100","$69,166,931",0.0,0,0,$0,"32,344,992","3,444,638","$69,166,931",0.0,0,0.0,0
0,North Dakota Non-UZA,,"3,444,377","236,289",0,"618,595","$11,005,636",0.0,0,0,$0,"3,444,377",0,"$11,005,636",0.0,0,0.0,0
0,Ohio Non-UZA,,"14,412,330","828,287","465,688","2,631,223","$44,963,328",0.0,0,0,$0,"14,412,330","465,688","$44,963,328",0.0,0,0.0,0
0,Oklahoma Non-UZA,,"20,044,354","1,113,403",0,"2,815,128","$41,424,073",0.0,0,0,$0,"20,044,354",0,"$41,424,073",0.0,0,0.0,0
0,Oregon Non-UZA,,"10,756,618","577,357","4,276,933","2,992,867","$36,112,898",0.0,0,0,$0,"10,756,618","4,276,933","$36,112,898",0.0,0,0.0,0
0,Pennsylvania Non-UZA,,"13,642,483","750,590","11,006,669","3,584,771","$54,258,575",0.0,0,0,$0,"13,642,483","11,006,669","$54,258,575",0.0,0,0.0,0
0,Puerto Rico Non-UZA,,"835,054","74,044","3,201,767","993,017","$2,881,091",0.0,0,0,$0,"835,054","3,201,767","$2,881,091",0.0,0,0.0,0
0,Rhode Island Non-UZA,,"182,344","6,849","1,226,960","55,196","$1,996,180",0.0,0,0,$0,"182,344","1,226,960","$1,996,180",0.0,0,0.0,0
0,South Carolina Non-UZA,,"8,594,015","473,074","1,945,748","1,386,595","$20,432,509",0.0,0,0,$0,"8,594,015","1,945,748","$20,432,509",0.0,0,0.0,0
0,South Dakota Non-UZA,,"5,565,670","363,201",0,"1,511,193","$16,465,787",0.0,0,0,$0,"5,565,670",0,"$16,465,787",0.0,0,0.0,0
0,Tennessee Non-UZA,,"24,088,407","1,160,372","2,208,180","5,121,463","$48,467,539",0.0,0,0,$0,"24,088,407","2,208,180","$48,467,539",0.0,0,0.0,0
0,Texas Non-UZA,,"26,981,044","1,328,370","9,993,525","4,057,915","$78,047,487",0.0,0,0,$0,"26,981,044","9,993,525","$78,047,487",0.0,0,0.0,0
0,Utah Non-UZA,,"4,338,384","201,946","12,342,575","2,995,564","$21,821,741",0.0,0,0,$0,"4,338,384","12,342,575","$21,821,741",0.0,0,0.0,0
0,Vermont Non-UZA,,"16,124,172","591,158",0,"2,478,823","$32,042,411",0.0,0,0,$0,"16,124,172",0,"$32,042,411",0.0,0,0.0,0
0,Virginia Non-UZA,,"10,534,071","535,988","10,501,962","2,875,666","$26,977,003",0.0,0,0,$0,"10,534,071","10,501,962","$26,977,003",0.0,0,0.0,0
0,Washington Non-UZA,,"18,808,351","933,550","65,438,371","14,841,320","$167,714,310",137.9,"285,565","60,569,863","$83,037,580","18,522,786","4,868,508","$84,676,730",136.4,"282,972",0.0,0
0,West Virginia Non-UZA,,"4,474,110","254,091",0,"1,077,775","$13,038,586",0.0,0,0,$0,"4,474,110",0,"$13,038,586",0.0,0,0.0,0
0,Wisconsin Non-UZA,,"11,844,294","874,279","117,271","3,013,064","$33,261,006",0.0,0,0,$0,"11,844,294","117,271","$33,261,006",0.0,0,0.0,0
0,Wyoming Non-UZA,,"2,837,214","228,908",0,"2,088,185","$10,126,908",0.0,0,0,$0,"2,837,214",0,"$10,126,908",0.0,0,0.0,0
1,"New York-Newark, NY-NJ-CT","18,351,295","860,644,444","56,591,857","21,504,782,688","4,114,906,519","$14,710,303,410","2,608.4","544,502,945","17,692,393,459","$9,431,724,644","316,141,499","3,812,389,229","$5,278,578,766","2,496.7","540,318,248",133.5,"5,818,304"
2,"Los Angeles-Long Beach-Anaheim, CA","12,150,996","268,724,216","18,925,111","3,017,052,801","558,777,261","$2,894,505,626",653.7,"35,595,587","1,096,198,192","$729,704,071","233,128,629","1,920,854,609","$2,164,801,555",617.7,"31,528,678",294.3,"3,004,196"
3,"Chicago, IL-IN","8,608,208","242,188,466","16,183,182","3,844,797,877","574,216,102","$2,623,908,818","1,269.8","120,437,460","3,005,060,930","$1,418,290,005","121,751,006","839,736,947","$1,205,618,813","1,259.0","120,378,175",0.0,0
4,"Miami, FL","5,502,379","99,848,330","6,832,665","841,741,392","127,128,986","$893,059,436",241.9,"13,656,927","287,281,330","$245,411,303","86,191,403","554,460,062","$647,648,133",240.3,"13,647,586",27.8,"393,062"
5,"Philadelphia, PA-NJ-DE-MD","5,441,567","126,194,062","9,487,360","1,710,168,734","360,559,268","$1,609,956,125",838.2,"48,337,640","1,051,920,351","$687,501,908","77,856,422","658,248,383","$922,454,217",838.2,"48,337,640",0.0,0
6,"Dallas-Fort Worth-Arlington, TX","5,121,892","63,831,651","4,203,304","457,374,609","69,211,583","$592,643,609",263.9,"12,014,657","272,849,351","$224,452,511","51,816,994","184,525,258","$368,191,098",227.4,"10,582,370",31.0,"324,260"
7,"Houston, TX","4,944,332","78,376,018","5,097,995","568,658,717","91,017,213","$549,416,155",43.6,"3,535,806","53,624,968","$79,277,412","74,840,212","515,033,749","$470,138,743",14.8,"1,693,110",33.7,"753,347"
8,"Washington, DC-VA-MD","4,586,770","203,530,624","13,306,150","2,442,113,919","416,811,050","$2,467,908,642",675.9,"88,473,344","1,630,621,004","$1,236,784,688","115,057,280","811,492,915","$1,231,123,954",635.0,"73,840,168",121.3,"1,876,483"
9,"Atlanta, GA","4,515,419","70,947,670","4,187,906","816,548,745","127,165,393","$538,848,415",99.0,"22,402,902","450,356,902","$209,592,735","48,544,768","366,191,843","$329,255,680",96.3,"22,344,822",91.3,"1,453,870"
10,"Boston, MA-NH-RI","4,181,019","108,772,362","8,112,124","1,778,238,506","382,209,644","$1,591,345,649",916.8,"56,375,237","1,448,615,470","$968,611,659","52,397,125","329,623,036","$622,733,990",893.5,"56,175,129",1.6,"24,913"
11,"Detroit, MI","3,734,090","33,026,849","2,049,005","207,528,925","36,130,473","$235,330,501",9.6,"750,570","4,506,464","$25,734,924","32,276,279","203,022,461","$209,595,577",2.9,"566,926",0.0,0
12,"Phoenix-Mesa, AZ","3,629,114","54,471,939","3,725,556","360,950,413","70,353,448","$364,902,960",50.8,"3,297,498","113,208,491","$43,021,498","51,174,441","247,741,922","$321,881,462",38.6,"2,506,877",173.6,"802,133"
13,"San Francisco-Oakland, CA","3,281,212","137,551,877","9,537,782","2,476,594,485","410,827,850","$2,193,283,454",737.8,"74,670,151","1,910,631,946","$1,139,950,326","62,881,726","565,962,539","$1,053,333,128",694.8,"72,231,355",62.6,"459,990"
14,"Seattle, WA","3,059,393","114,142,358","7,726,240","1,490,335,388","218,896,740","$1,457,635,484",470.6,"14,016,841","486,527,168","$489,212,067","100,125,517","1,003,808,220","$968,423,417",424.4,"11,430,684",233.4,"10,409,481"
15,"San Diego, CA","2,956,746","60,456,967","3,606,413","591,647,295","97,165,951","$390,037,049",268.1,"11,290,000","279,912,745","$135,612,743","49,166,967","311,734,550","$254,424,306",268.1,"11,290,000",0.1,"2,336"
16,"Minneapolis-St. Paul, MN-WI","2,650,890","66,035,752","4,468,354","479,647,036","93,910,832","$549,402,318",133.5,"6,521,892","124,438,467","$96,242,151","59,513,860","355,208,569","$453,160,167",111.9,"3,849,380",204.3,"3,983,259"
17,"Tampa-St. Petersburg, FL","2,441,770","25,262,728","1,821,288","140,969,864","24,988,600","$162,502,974",5.4,"65,410","690,084","$1,577,705","25,197,318","140,279,780","$160,925,269",5.4,"65,410",1.1,"102,364"
18,"Denver-Aurora, CO","2,374,203","58,614,198","4,033,214","574,138,820","95,326,267","$533,395,021",176.7,"14,619,473","285,435,975","$179,749,450","43,994,725","288,702,845","$353,645,571",72.8,"9,217,125",4.9,"14,060"
19,"Baltimore, MD","2,203,663","56,633,608","4,254,834","468,589,655","91,279,587","$620,446,379",230.3,"10,086,243","184,232,308","$168,584,682","46,547,365","284,357,347","$451,861,697",225.7,"10,036,828",0.0,0
20,"St. Louis, MO-IL","2,150,706","34,850,590","2,207,081","242,605,188","39,734,421","$293,123,262",91.1,"6,210,574","92,945,521","$80,216,036","28,640,016","149,659,667","$212,907,226",91.1,"6,210,574",0.0,0
21,"San Juan, PR","2,148,346","13,454,428","1,322,673","81,827,896","18,950,269","$148,491,019",39.7,"1,911,852","24,331,005","$79,065,350","11,542,576","57,496,891","$69,425,669",39.7,"1,911,852",0.0,0
22,"Riverside-San Bernardino, CA","1,932,666","20,089,970","1,313,329","140,421,874","17,243,076","$158,759,451",176.0,"2,868,751","45,917,869","$42,300,894","17,221,219","94,504,005","$116,458,557",117.0,"1,933,614",24.4,"44,750"
23,"Las Vegas-Henderson, NV","1,886,011","29,433,703","2,319,048","258,916,863","65,765,918","$229,432,680",50.4,"1,374,110","17,976,901","$12,571,278","28,059,593","240,939,962","$216,861,402",36.8,"972,541",19.5,"199,224"
24,"Portland, OR-WA","1,849,898","45,091,558","3,643,957","470,722,753","110,720,189","$567,976,772",170.0,"10,133,266","230,725,853","$186,043,792","34,958,292","239,996,900","$381,932,980",152.4,"9,272,734",4.0,"48,883"
25,"Cleveland, OH","1,780,673","25,085,251","1,938,677","173,165,724","36,027,156","$263,670,487",82.6,"3,343,979","61,765,557","$52,830,926","21,741,272","111,400,167","$210,839,561",82.6,"3,343,979",3.2,"205,552"
26,"San Antonio, TX","1,758,210","37,492,912","2,356,042","183,429,566","39,919,587","$206,789,017",0.0,0,0,$0,"37,492,912","183,429,566","$206,789,017",0.0,0,0.0,0
27,"Pittsburgh, PA","1,733,853","38,534,508","2,737,755","292,605,641","65,361,361","$435,509,091",92.9,"4,786,853","75,888,308","$104,507,487","33,747,655","216,717,333","$331,001,604",92.9,"4,786,853",13.4,"44,645"
28,"Sacramento, CA","1,723,634","18,881,263","1,309,922","130,597,901","23,685,770","$206,142,920",84.9,"4,418,237","65,530,788","$70,866,915","14,463,026","65,067,113","$135,276,005",76.1,"3,959,348",0.0,0
29,"San Jose, CA","1,664,496","27,392,703","2,011,701","334,807,498","44,136,671","$454,678,637",185.7,"5,812,504","188,815,257","$172,783,590","21,580,199","145,992,241","$281,895,047",185.7,"5,812,504",198.4,"623,740"
30,"Cincinnati, OH-KY-IN","1,624,827","17,577,476","1,261,316","109,922,864","18,323,664","$132,642,098",3.7,"103,397","895,930","$3,900,447","17,474,079","109,026,934","$128,741,651",0.1,"11,345",0.0,0
31,"Kansas City, MO-KS","1,519,417","14,582,038","962,572","60,363,787","16,003,391","$115,879,916",11.2,"436,103","4,762,223","$9,000,169","14,145,935","55,601,564","$106,879,747",7.3,"305,000",0.0,"3,656"
32,"Orlando, FL","1,510,516","21,234,987","1,383,979","129,143,177","20,368,501","$139,179,061",72.5,"956,019","13,311,097","$39,287,924","20,278,968","115,832,080","$99,891,137",2.5,"160,852",0.0,0
33,"Indianapolis, IN","1,487,483","11,633,535","824,002","48,481,742","9,329,164","$87,603,990",0.0,0,0,$0,"11,633,535","48,481,742","$87,603,990",0.0,0,0.0,0
34,"Virginia Beach, VA","1,439,666","15,843,038","1,132,123","76,312,451","14,123,945","$98,534,588",16.7,"406,455","5,167,719","$12,043,703","15,436,583","71,144,732","$86,490,885",16.7,"406,455",70.7,"593,977"
35,"Milwaukee, WI","1,376,476","22,146,193","1,694,667","121,584,873","32,363,226","$163,513,794",11.4,"65,594","351,757","$1,874,350","22,080,599","121,233,116","$161,639,444",10.7,"51,465",0.0,0
36,"Columbus, OH","1,368,035","18,419,347","1,374,786","80,416,403","19,357,307","$157,310,846",0.0,0,0,$0,"18,419,347","80,416,403","$157,310,846",0.0,0,0.0,0
37,"Austin, TX","1,362,416","26,688,941","1,903,157","163,899,442","29,558,370","$228,378,688",64.2,"310,272","12,269,528","$23,184,423","26,378,669","151,629,914","$205,194,265",64.2,"310,272",0.0,0
38,"Charlotte, NC-SC","1,249,442","20,481,592","1,248,483","119,556,884","23,084,628","$154,622,068",33.6,"1,535,309","30,603,393","$23,516,505","18,946,283","88,953,491","$131,105,563",26.3,"1,169,207",14.4,"203,364"
39,"Providence, RI-MA","1,190,956","13,467,754","965,208","83,118,587","18,296,187","$121,552,468",95.2,"99,488","2,800,237","$2,110,517","13,368,266","80,318,350","$119,441,951",73.7,"78,971",0.0,0
40,"Jacksonville, FL","1,065,219","13,306,954","899,460","69,605,012","12,090,942","$101,680,039",6.3,"156,481","999,154","$8,772,366","13,150,473","68,605,858","$92,907,673",5.4,"148,197",0.0,0
41,"Memphis, TN-MS-AR","1,060,061","7,202,570","436,961","35,324,833","6,726,881","$56,441,695",10.0,"11,912","89,562","$2,743,251","7,190,658","35,235,271","$53,698,444",10.0,"11,912",0.0,0
42,"Salt Lake City-West Valley City, UT","1,021,243","22,996,126","1,337,001","202,668,426","31,652,903","$190,252,623",155.1,"8,353,799","129,674,423","$84,996,679","14,642,327","72,994,003","$105,255,944",90.2,"5,670,428",0.0,0
43,"Louisville/Jefferson County, KY-IN","972,546","13,514,374","953,875","58,614,621","12,652,188","$85,240,928",0.0,0,0,$0,"13,514,374","58,614,621","$85,240,928",0.0,0,0.0,0
44,"Nashville-Davidson, TN","969,587","11,674,096","786,667","68,420,136","10,479,742","$93,574,347",62.8,"203,195","4,928,935","$4,498,288","11,470,901","63,491,201","$89,076,059",62.8,"203,195",0.0,0
45,"Richmond, VA","953,556","9,527,370","613,668","47,507,180","8,262,973","$52,638,669",0.0,"8,349","151,694","$93,834","9,519,021","47,355,486","$52,544,835",0.0,0,0.0,0
46,"Buffalo, NY","935,906","10,982,724","954,059","87,288,001","25,144,083","$139,320,292",12.4,"926,900","12,128,749","$25,551,007","10,055,824","75,159,252","$113,769,285",12.4,"926,900",0.0,0
47,"Hartford, CT","924,859","15,924,690","1,149,408","116,625,778","17,662,058","$125,893,442",19.6,"1,488,713","15,194,086","$14,985,715","14,435,977","101,431,692","$110,907,727",0.0,0,39.3,"407,062"
48,"Bridgeport-Stamford, CT-NY","923,311","11,711,665","745,118","201,468,689","17,527,722","$153,503,137",51.0,"5,196,750","165,144,162","$96,474,704","6,514,915","36,324,527","$57,028,433",131.2,"5,196,750",0.0,0
49,"New Orleans, LA","899,703","10,135,691","938,390","66,849,275","21,669,270","$124,032,201",29.9,"1,255,624","16,397,859","$37,927,023","8,880,067","50,451,416","$86,105,178",28.3,"1,183,106",7.0,"183,932"
50,"Raleigh, NC","884,891","11,804,696","860,356","39,670,956","10,283,928","$57,409,754",0.0,0,0,$0,"11,804,696","39,670,956","$57,409,754",0.0,0,0.0,0
51,"Oklahoma City, OK","861,505","3,708,454","237,937","15,451,096","3,244,590","$26,113,087",8.6,"3,650","21,082","$756,885","3,704,804","15,430,014","$25,356,202",8.5,"3,605",0.0,0
52,"Tucson, AZ","843,168","13,282,742","1,055,903","82,383,978","16,767,047","$82,843,581",7.8,"201,796","1,484,759","$4,090,872","13,080,946","80,899,219","$78,752,709",0.0,0,0.0,0
53,"El Paso, TX-NM","803,086","10,017,242","710,461","77,814,815","13,117,843","$63,868,880",0.0,0,0,$0,"10,017,242","77,814,815","$63,868,880",0.0,0,0.0,0
54,"Urban Honolulu, HI","802,459","25,730,369","1,919,996","322,765,572","64,802,072","$255,054,175",1.0,"128,342","2,230,340","$1,451,913","25,602,027","320,535,232","$253,602,262",1.0,"128,342",20.5,"249,836"
55,"Birmingham, AL","749,495","4,627,220","291,506","24,212,973","3,418,869","$32,742,379",0.0,0,0,$0,"4,627,220","24,212,973","$32,742,379",0.0,0,0.0,0
56,"Albuquerque, NM","741,318","9,113,041","580,438","71,712,732","10,751,605","$85,338,729",193.1,"1,348,618","36,154,200","$31,845,080","7,764,423","35,558,532","$53,493,649",193.1,"1,348,618",0.0,0
57,"McAllen, TX","728,825","2,134,247","108,487","6,200,458","1,158,780","$6,920,341",0.0,0,0,$0,"2,134,247","6,200,458","$6,920,341",0.0,0,0.0,0
58,"Omaha, NE-IA","725,008","4,825,777","338,641","13,340,436","3,521,822","$29,040,454",0.0,0,0,$0,"4,825,777","13,340,436","$29,040,454",0.0,0,0.0,0
59,"Dayton, OH","724,091","9,957,277","666,998","57,927,624","9,353,406","$78,020,252",125.7,"881,241","8,556,529","$10,910,215","9,076,036","49,371,095","$67,110,037",123.6,"866,875",0.0,0
60,"Rochester, NY","720,572","6,910,708","573,660","51,678,344","14,945,051","$79,790,665",0.0,0,0,$0,"6,910,708","51,678,344","$79,790,665",0.0,0,0.0,0
61,"Allentown, PA-NJ","664,651","5,825,201","409,792","28,649,798","4,954,465","$38,047,803",0.0,0,0,$0,"5,825,201","28,649,798","$38,047,803",0.0,0,0.0,0
62,"Tulsa, OK","655,479","3,773,603","248,317","15,706,533","2,882,732","$19,986,814",0.0,0,0,$0,"3,773,603","15,706,533","$19,986,814",0.0,0,0.0,0
63,"Fresno, CA","654,628","7,585,259","533,001","50,876,333","10,447,757","$50,780,044",0.0,0,0,$0,"7,585,259","50,876,333","$50,780,044",0.0,0,0.0,0
64,"Sarasota-Bradenton, FL","643,260","6,491,444","443,251","20,205,699","3,998,981","$38,771,021",0.0,0,0,$0,"6,491,444","20,205,699","$38,771,021",0.0,0,0.0,0
65,"Springfield, MA-CT","621,300","7,809,171","577,386","41,912,369","11,086,866","$46,764,033",0.0,0,0,$0,"7,809,171","41,912,369","$46,764,033",0.0,0,0.0,0
66,"Concord, CA","615,968","22,745,058","916,687","433,208,941","33,784,629","$195,017,227",75.1,"17,474,302","409,239,637","$147,224,949","5,270,756","23,969,304","$47,792,278",75.1,"17,474,302",0.0,0
67,"Albany-Schenectady, NY","594,962","11,417,806","836,595","72,098,769","16,355,885","$90,619,879",0.0,0,0,$0,"11,417,806","72,098,769","$90,619,879",0.0,0,0.0,0
68,"Baton Rouge, LA","594,309","3,948,281","298,231","15,178,347","3,963,472","$28,451,939",0.0,0,0,$0,"3,948,281","15,178,347","$28,451,939",0.0,0,0.0,0
69,"Mission Viejo-Lake Forest-San Clemente, CA","583,681","4,362,827","297,554","25,170,960","4,677,921","$43,825,119",47.0,"961,105","9,072,083","$16,801,409","3,401,722","16,098,877","$27,023,710",47.0,"961,105",2.4,"1,107"
70,"Grand Rapids, MI","569,935","8,443,177","606,268","41,265,791","10,491,204","$46,275,637",19.0,"370,741","2,561,373","$2,265,142","8,072,436","38,704,418","$44,010,495",0.0,0,0.0,0
71,"Akron, OH","569,499","7,468,562","538,493","26,804,984","6,298,159","$60,250,178",0.0,0,0,$0,"7,468,562","26,804,984","$60,250,178",0.0,0,0.0,0
72,"New Haven, CT","562,839","12,270,666","670,188","208,527,344","15,188,024","$181,309,140",152.2,"6,739,150","183,395,492","$128,197,694","5,531,516","25,131,852","$53,111,446",125.0,"6,739,150",0.0,0
73,"Colorado Springs, CO","559,409","4,796,928","302,835","16,955,976","3,393,555","$21,795,084",0.0,0,0,$0,"4,796,928","16,955,976","$21,795,084",0.0,0,0.0,0
74,"Knoxville, TN","558,696","5,382,026","356,512","10,300,374","2,924,941","$26,474,781",0.0,0,0,$0,"5,382,026","10,300,374","$26,474,781",0.0,0,0.0,0
75,"Columbia, SC","549,777","3,243,671","217,712","7,475,234","2,649,011","$18,589,710",0.0,0,0,$0,"3,243,671","7,475,234","$18,589,710",0.0,0,0.0,0
76,"Charleston-North Charleston, SC","548,404","3,404,583","254,834","16,791,857","3,215,687","$20,320,330",0.0,0,0,$0,"3,404,583","16,791,857","$20,320,330",0.0,0,0.0,0
77,"Ogden-Layton, UT","546,026","9,417,289","501,454","91,983,148","7,798,950","$66,918,658",70.3,"2,410,036","57,562,070","$19,275,004","7,007,253","34,421,078","$47,643,654",70.3,"2,410,036",0.0,0
78,"Cape Coral, FL","530,290","4,577,012","276,303","19,281,335","3,072,938","$23,257,358",0.0,0,0,$0,"4,577,012","19,281,335","$23,257,358",0.0,0,0.0,0
79,"Bakersfield, CA","523,994","5,078,985","361,246","29,431,957","6,621,204","$30,761,764",0.0,0,0,$0,"5,078,985","29,431,957","$30,761,764",0.0,0,0.0,0
80,"Toledo, OH-MI","507,643","5,077,296","430,431","12,792,323","2,570,924","$29,209,177",1.0,"4,025","13,041","$29,724","5,073,271","12,779,282","$29,179,453",1.0,"4,025",0.0,0
81,"Worcester, MA-CT","486,514","3,081,723","243,535","14,382,167","3,330,242","$24,550,711",25.9,"8,982","248,980","$135,984","3,072,741","14,133,187","$24,414,727",25.9,"8,982",0.0,0
82,"Provo-Orem, UT","482,819","5,062,663","269,092","51,682,288","4,309,112","$37,175,115",45.1,"1,320,932","31,549,565","$10,564,561","3,741,731","20,132,723","$26,610,554",0.0,0,0.0,0
83,"Wichita, KS","472,870","2,487,479","156,959","8,196,704","1,276,664","$12,998,536",0.0,0,0,$0,"2,487,479","8,196,704","$12,998,536",0.0,0,0.0,0
84,"Palm Bay-Melbourne, FL","452,791","3,317,251","173,819","17,021,770","2,336,696","$11,709,218",0.0,0,0,$0,"3,317,251","17,021,770","$11,709,218",0.0,0,0.0,0
85,"Des Moines, IA","450,070","5,647,434","306,513","27,475,604","4,522,275","$30,126,487",0.0,0,0,$0,"5,647,434","27,475,604","$30,126,487",0.0,0,0.0,0
86,"Harrisburg, PA","444,474","4,725,262","252,639","39,309,167","2,620,337","$32,794,941",28.8,"838,894","25,975,276","$9,710,225","3,886,368","13,333,891","$23,084,716",28.8,"838,894",0.0,0
87,"Murrieta-Temecula-Menifee, CA","441,546","2,569,003","153,985","9,746,429","911,942","$11,608,987",0.0,0,0,$0,"2,569,003","9,746,429","$11,608,987",0.0,0,0.0,0
88,"Little Rock, AR","431,388","3,241,898","211,246","11,516,502","2,351,440","$17,246,270",3.8,"53,112","110,484","$985,393","3,188,786","11,406,018","$16,260,877",3.8,"53,112",0.0,0
89,"Poughkeepsie-Newburgh, NY-NJ","423,566","14,305,695","474,282","269,806,993","8,566,173","$116,597,864",35.7,"2,437,836","77,364,042","$45,737,198","11,867,859","192,442,951","$70,860,666",35.7,"2,437,836",0.0,0
90,"Syracuse, NY","412,317","4,510,825","372,204","29,449,875","8,738,913","$54,690,028",0.0,0,0,$0,"4,510,825","29,449,875","$54,690,028",0.0,0,0.0,0
91,"Lancaster, PA","402,004","5,817,309","274,604","80,871,163","2,830,005","$42,172,305",76.0,"2,223,070","68,834,508","$25,732,107","3,594,239","12,036,655","$16,440,198",76.0,"2,223,070",0.0,0
92,"Madison, WI","401,661","5,977,667","489,578","53,478,624","13,415,616","$52,642,815",12.5,"288,627","2,996,163","$2,754,051","5,689,040","50,482,461","$49,888,764",12.5,"288,627",0.0,0
93,"Greenville, SC","400,492","1,400,234","108,350","7,451,757","2,191,555","$7,762,310",0.0,0,0,$0,"1,400,234","7,451,757","$7,762,310",0.0,0,0.0,0
94,"Reno, NV-CA","392,141","6,554,980","407,256","37,327,374","7,976,744","$34,986,794",0.5,"41,503","331,229","$373,597","6,513,477","36,996,145","$34,613,197",0.5,"41,503",0.0,0
95,"Winston-Salem, NC","391,024","4,793,129","284,234","19,302,373","2,923,696","$20,099,042",0.0,0,0,$0,"4,793,129","19,302,373","$20,099,042",0.0,0,0.0,0
96,"Spokane, WA","387,847","8,647,159","582,698","45,588,099","9,897,085","$63,119,928",0.0,0,0,$0,"8,647,159","45,588,099","$63,119,928",0.0,0,0.0,0
97,"Youngstown, OH-PA","387,550","3,151,692","206,347","6,912,132","1,674,819","$16,084,771",0.0,0,0,$0,"3,151,692","6,912,132","$16,084,771",0.0,0,0.0,0
98,"Augusta-Richmond County, GA-SC","386,787","940,496","73,855","2,524,477","724,793","$5,482,189",0.0,0,0,$0,"940,496","2,524,477","$5,482,189",0.0,0,0.0,0
99,"Scranton, PA","381,502","3,799,227","267,742","11,864,487","2,467,802","$23,763,600",0.0,0,0,$0,"3,799,227","11,864,487","$23,763,600",0.0,0,0.0,0
100,"Chattanooga, TN-GA","381,112","2,745,867","224,305","8,598,596","2,794,851","$19,980,166",1.7,"19,625","489,548","$2,038,114","2,726,242","8,109,048","$17,942,052",1.7,"19,625",0.0,0
101,"Port St. Lucie, FL","376,047","1,530,338","95,058","4,008,155","612,117","$7,432,066",0.0,0,0,$0,"1,530,338","4,008,155","$7,432,066",0.0,0,0.0,0
102,"Stockton, CA","370,583","3,103,284","185,164","38,459,704","3,746,692","$36,189,665",60.5,"396,927","22,104,250","$6,906,593","2,706,357","16,355,454","$29,283,072",60.5,"396,927",0.0,0
103,"Oxnard, CA","367,260","5,288,772","354,159","39,502,691","4,657,208","$38,482,748",59.4,"288,178","7,300,317","$4,896,271","5,000,594","32,202,374","$33,586,477",59.4,"288,178",0.0,0
104,"Denton-Lewisville, TX","366,174","2,904,044","181,768","17,717,940","2,905,961","$28,423,070",42.6,"328,658","5,901,029","$13,680,466","2,575,386","11,816,911","$14,742,604",42.6,"328,658",0.0,0
105,"Modesto, CA","358,172","3,105,550","238,896","9,988,493","2,936,593","$21,362,392",0.0,0,0,$0,"3,105,550","9,988,493","$21,362,392",0.0,0,0.0,0
106,"Flint, MI","356,218","6,883,998","344,555","32,912,419","4,594,741","$28,391,229",0.0,0,0,$0,"6,883,998","32,912,419","$28,391,229",0.0,0,0.0,0
107,"Jackson, MS","351,478","1,137,892","77,630","1,306,672","562,032","$5,842,491",0.0,0,0,$0,"1,137,892","1,306,672","$5,842,491",0.0,0,0.0,0
108,"Boise City, ID","349,684","2,692,188","143,341","13,311,581","1,255,866","$11,042,256",0.0,0,0,$0,"2,692,188","13,311,581","$11,042,256",0.0,0,0.0,0
109,"Palm Coast-Daytona Beach-Port Orange, FL","349,064","4,503,390","293,274","13,159,685","2,595,169","$19,039,097",0.0,0,0,$0,"4,503,390","13,159,685","$19,039,097",0.0,0,0.0,0
110,"Durham, NC","347,602","9,155,585","615,331","50,302,747","14,640,060","$59,499,173",0.0,0,0,$0,"9,155,585","50,302,747","$59,499,173",0.0,0,0.0,0
111,"Indio-Cathedral City, CA","345,580","4,079,518","262,490","35,567,259","3,514,112","$28,089,793",0.0,0,0,$0,"4,079,518","35,567,259","$28,089,793",0.0,0,0.0,0
112,"Lancaster-Palmdale, CA","341,219","4,297,959","217,265","46,058,966","2,853,641","$37,531,199",70.6,"914,255","19,969,173","$17,144,605","3,383,704","26,089,793","$20,386,594",70.6,"914,255",18.1,"600,393"
113,"Pensacola, FL-AL","340,067","2,446,242","170,945","7,674,600","1,491,859","$12,818,095",0.0,0,0,$0,"2,446,242","7,674,600","$12,818,095",0.0,0,0.0,0
114,"Victorville-Hesperia, CA","328,454","9,376,372","337,428","40,743,672","2,084,342","$22,218,703",0.0,0,0,$0,"9,376,372","40,743,672","$22,218,703",0.0,0,0.0,0
115,"Mobile, AL","326,183","1,681,426","118,481","6,296,519","934,781","$10,467,836",0.0,0,0,$0,"1,681,426","6,296,519","$10,467,836",0.0,0,0.0,0
116,"Corpus Christi, TX","320,069","5,154,978","355,786","24,634,610","5,366,985","$30,955,423",0.0,0,0,$0,"5,154,978","24,634,610","$30,955,423",0.0,0,0.0,0
117,"Kissimmee, FL","314,071","3,617,073","239,775","20,325,589","3,356,927","$18,416,114",0.0,0,0,$0,"3,617,073","20,325,589","$18,416,114",0.0,0,0.0,0
118,"Lansing, MI","313,532","6,966,259","463,095","35,003,905","10,446,897","$46,033,630",0.0,0,0,$0,"6,966,259","35,003,905","$46,033,630",0.0,0,0.0,0
119,"Fort Wayne, IN","313,492","1,831,514","128,380","5,774,841","1,767,061","$13,221,883",0.0,0,0,$0,"1,831,514","5,774,841","$13,221,883",0.0,0,0.0,0
120,"Greensboro, NC","311,810","5,001,545","326,749","14,120,628","3,950,541","$26,539,199",0.0,0,0,$0,"5,001,545","14,120,628","$26,539,199",0.0,0,0.0,0
121,"Bonita Springs, FL","310,298","1,980,060","111,149","5,937,455","802,491","$8,322,341",0.0,0,0,$0,"1,980,060","5,937,455","$8,322,341",0.0,0,0.0,0
122,"Fayetteville, NC","310,282","2,382,162","155,179","6,201,569","1,512,644","$10,809,299",0.0,0,0,$0,"2,382,162","6,201,569","$10,809,299",0.0,0,0.0,0
123,"Santa Rosa, CA","308,231","3,593,787","254,938","29,550,149","3,230,104","$48,331,870",62.0,"728,491","15,365,465","$22,706,058","2,865,296","14,184,684","$25,625,812",0.0,0,0.0,0
124,"Aguadilla-Isabela-San Sebastián, PR","306,196","790,725","59,808","1,913,280","632,483","$1,338,670",0.0,0,0,$0,"790,725","1,913,280","$1,338,670",0.0,0,0.0,0
125,"Ann Arbor, MI","306,022","7,923,215","568,159","52,206,585","14,872,701","$48,835,728",0.0,0,0,$0,"7,923,215","52,206,585","$48,835,728",0.0,0,0.0,0
126,"Shreveport, LA","298,317","2,991,201","194,388","16,364,219","2,591,569","$13,129,880",0.0,0,0,$0,"2,991,201","16,364,219","$13,129,880",0.0,0,0.0,0
127,"Rockford, IL","296,863","2,101,374","151,010","7,622,035","1,678,892","$16,478,043",0.0,0,0,$0,"2,101,374","7,622,035","$16,478,043",0.0,0,0.0,0
128,"Trenton, NJ","296,668","6,254,899","316,718","125,083,003","9,882,183","$87,764,714",77.3,"2,502,885","81,721,158","$52,622,194","3,752,014","43,361,845","$35,142,520",77.3,"2,502,885",0.0,0
129,"Fayetteville-Springdale-Rogers, AR-MO","295,083","1,372,027","110,205","1,629,586","1,889,918","$6,612,404",0.0,0,0,$0,"1,372,027","1,629,586","$6,612,404",0.0,0,0.0,0
130,"Round Lake Beach-McHenry-Grayslake, IL-WI","290,373","2,581,717","122,923","26,724,342","1,389,160","$19,977,455",49.8,"711,902","24,754,866","$12,419,790","1,869,815","1,969,476","$7,557,665",49.8,"711,902",0.0,0
131,"Lexington-Fayette, KY","290,263","3,669,029","329,020","20,255,982","4,171,173","$25,403,603",0.0,0,0,$0,"3,669,029","20,255,982","$25,403,603",0.0,0,0.0,0
132,"Huntsville, AL","286,692","1,035,595","67,896","4,047,424","741,584","$4,167,474",0.0,0,0,$0,"1,035,595","4,047,424","$4,167,474",0.0,0,0.0,0
133,"Asheville, NC","280,648","2,333,654","148,251","6,499,505","2,192,686","$9,740,831",0.0,0,0,$0,"2,333,654","6,499,505","$9,740,831",0.0,0,0.0,0
134,"Davenport, IA-IL","280,051","4,004,470","277,761","11,234,740","4,098,067","$27,715,652",4.1,"14,802","254,150","$583,894","3,989,668","10,980,590","$27,131,758",4.1,"14,802",0.0,0
135,"Canton, OH","279,245","3,600,293","210,856","16,799,888","2,451,284","$21,510,663",0.0,0,0,$0,"3,600,293","16,799,888","$21,510,663",0.0,0,0.0,0
136,"South Bend, IN-MI","278,165","2,218,111","142,148","8,559,834","1,882,887","$14,858,799",28.9,"383,517","3,560,263","$3,686,210","1,834,594","4,999,571","$11,172,589",28.9,"383,517",0.0,0
137,"Antioch, CA","277,634","5,777,490","284,286","86,392,227","7,462,230","$46,495,845",9.7,"3,023,622","69,804,324","$25,892,943","2,753,868","16,587,903","$20,602,902",8.3,"2,959,688",19.4,"95,902"
138,"Springfield, MO","273,724","1,227,497","83,721","5,897,730","1,290,280","$9,152,314",0.0,0,0,$0,"1,227,497","5,897,730","$9,152,314",0.0,0,0.0,0
139,"Peoria, IL","266,921","2,893,762","177,014","17,310,246","2,826,657","$22,257,873",0.0,0,0,$0,"2,893,762","17,310,246","$22,257,873",0.0,0,0.0,0
140,"Reading, PA","266,254","2,611,606","207,629","13,703,803","3,133,157","$16,683,113",0.0,0,0,$0,"2,611,606","13,703,803","$16,683,113",0.0,0,0.0,0
141,"Fort Collins, CO","264,465","3,410,611","192,546","16,920,331","4,554,069","$19,495,437",9.8,"314,091","3,703,451","$3,338,449","3,096,520","13,216,880","$16,156,988",0.0,0,0.0,0
142,"Montgomery, AL","263,907","1,561,832","103,403","2,893,365","656,496","$7,770,617",0.0,0,0,$0,"1,561,832","2,893,365","$7,770,617",0.0,0,0.0,0
143,"Lakeland, FL","262,596","1,057,031","70,854","3,816,804","651,747","$7,848,736",0.0,0,0,$0,"1,057,031","3,816,804","$7,848,736",0.0,0,0.0,0
144,"Savannah, GA","260,677","3,290,510","245,502","8,906,227","3,909,196","$22,224,323",1.4,"15,731","324,447","$892,998","3,274,779","8,581,780","$21,331,325",1.4,"15,731",0.0,0
145,"Lincoln, NE","258,719","2,249,428","164,637","7,537,640","2,467,985","$13,799,732",0.0,0,0,$0,"2,249,428","7,537,640","$13,799,732",0.0,0,0.0,0
146,"Santa Clarita, CA","258,653","3,310,568","200,621","30,151,550","3,008,279","$27,866,905",23.6,"390,440","15,980,175","$7,538,364","2,920,128","14,171,375","$20,328,541",23.6,"390,440",50.8,"89,248"
147,"Columbus, GA-AL","253,602","1,901,375","130,792","1,971,474","1,373,121","$5,267,181",0.0,0,0,$0,"1,901,375","1,971,474","$5,267,181",0.0,0,0.0,0
148,"Lafayette, LA","252,720","1,235,625","86,023","8,549,140","1,560,552","$5,789,231",0.0,0,0,$0,"1,235,625","8,549,140","$5,789,231",0.0,0,0.0,0
149,"Anchorage, AK","251,243","4,533,098","271,222","25,247,255","3,698,166","$33,311,172",36.5,"55,836","1,409,571","$1,896,594","4,477,262","23,837,684","$31,414,578",36.5,"55,836",0.0,0
150,"Atlantic City, NJ","248,402","9,886,799","646,205","131,426,309","15,514,877","$106,428,405",34.0,"643,550","22,237,232","$10,524,957","9,243,249","109,189,077","$95,903,448",34.0,"643,550",0.0,0
151,"Eugene, OR","247,421","7,953,080","527,567","41,647,259","10,666,521","$57,177,750",25.8,"685,086","9,115,927","$10,054,770","7,267,994","32,531,332","$47,122,980",19.0,"503,433",0.0,0
152,"Barnstable Town, MA","246,695","7,907,703","563,113","55,865,335","5,456,656","$118,479,559",77.7,"350,395","37,183,573","$77,878,353","7,557,308","18,681,762","$40,601,206",0.0,0,0.0,0
153,"Tallahassee, FL","240,223","2,907,356","229,074","9,972,096","3,353,933","$18,026,143",0.0,0,0,$0,"2,907,356","9,972,096","$18,026,143",0.0,0,0.0,0
154,"Conroe-The Woodlands, TX","239,938","1,060,558","52,541","20,373,869","700,927","$6,745,999",0.0,0,0,$0,"1,060,558","20,373,869","$6,745,999",0.0,0,0.0,0
155,"Lubbock, TX","237,356","2,497,590","182,779","9,007,376","3,759,404","$12,249,891",0.0,0,0,$0,"2,497,590","9,007,376","$12,249,891",0.0,0,0.0,0
156,"Salem, OR","236,632","6,099,184","392,757","15,667,526","3,485,959","$37,431,776",0.0,0,0,$0,"6,099,184","15,667,526","$37,431,776",0.0,0,0.0,0
157,"Laredo, TX","235,730","1,953,562","173,090","9,560,460","2,793,146","$15,357,074",0.0,0,0,$0,"1,953,562","9,560,460","$15,357,074",0.0,0,0.0,0
158,"York, PA","232,045","3,078,227","187,354","9,054,486","1,576,591","$13,137,577",0.0,0,0,$0,"3,078,227","9,054,486","$13,137,577",0.0,0,0.0,0
159,"Evansville, IN-KY","229,351","1,787,624","144,586","5,634,624","1,604,654","$9,616,628",0.0,0,0,$0,"1,787,624","5,634,624","$9,616,628",0.0,0,0.0,0
160,"Nashua, NH-MA","226,400","665,322","46,883","2,090,094","475,830","$3,443,127",0.0,0,0,$0,"665,322","2,090,094","$3,443,127",0.0,0,0.0,0
161,"Wilmington, NC","219,957","1,611,387","106,090","4,259,562","1,370,684","$8,399,763",0.0,0,0,$0,"1,611,387","4,259,562","$8,399,763",0.0,0,0.0,0
162,"Visalia, CA","219,454","4,995,953","240,250","34,712,343","2,312,233","$14,889,720",0.0,0,0,$0,"4,995,953","34,712,343","$14,889,720",0.0,0,0.0,0
163,"Killeen, TX","217,630","745,779","48,297","2,411,365","387,889","$4,674,643",0.0,0,0,$0,"745,779","2,411,365","$4,674,643",0.0,0,0.0,0
164,"Brownsville, TX","217,585","1,106,891","80,629","8,497,987","1,478,604","$7,068,664",0.0,0,0,$0,"1,106,891","8,497,987","$7,068,664",0.0,0,0.0,0
165,"Appleton, WI","216,154","1,875,926","106,895","6,152,885","1,159,526","$8,178,634",0.0,0,0,$0,"1,875,926","6,152,885","$8,178,634",0.0,0,0.0,0
166,"Myrtle Beach-Socastee, SC-NC","215,304","750,902","41,250",0,"449,588","$3,970,376",0.0,0,0,$0,"750,902",0,"$3,970,376",0.0,0,0.0,0
167,"Concord, NC","214,881","1,460,758","95,635",0,"645,479","$6,604,056",0.0,0,0,$0,"1,460,758",0,"$6,604,056",0.0,0,0.0,0
168,"Thousand Oaks, CA","214,811","1,283,816","78,094","1,680,150","469,583","$10,476,594",17.8,"82,376","1,680,150","$3,199,429","1,201,440",0,"$7,277,165",17.8,"82,376",0.0,0
169,"Aberdeen-Bel Air South-Bel Air North, MD","213,751","798,569","46,415",0,"311,049","$4,078,391",0.0,0,0,$0,"798,569",0,"$4,078,391",0.0,0,0.0,0
170,"Hickory, NC","212,195","952,587","51,560","1,425,343","200,002","$3,473,580",0.0,0,0,$0,"952,587","1,425,343","$3,473,580",0.0,0,0.0,0
171,"Kennewick-Pasco, WA","210,975","8,521,998","386,995","33,194,079","3,120,955","$36,578,193",0.0,0,0,$0,"8,521,998","33,194,079","$36,578,193",0.0,0,0.0,0
172,"Roanoke, VA","210,111","2,180,250","137,388","11,869,795","2,021,333","$8,735,835",0.0,0,0,$0,"2,180,250","11,869,795","$8,735,835",0.0,0,0.0,0
173,"Kalamazoo, MI","209,703","3,013,530","218,352","12,542,143","2,835,221","$15,748,031",0.0,0,0,$0,"3,013,530","12,542,143","$15,748,031",0.0,0,0.0,0
174,"Norwich-New London, CT-RI","209,190","1,155,854","73,659","5,653,091","964,704","$6,271,967",0.0,0,0,$0,"1,155,854","5,653,091","$6,271,967",0.0,0,0.0,0
175,"Gulfport, MS","208,948","1,421,128","84,777","5,774,323","750,541","$5,884,115",0.0,0,0,$0,"1,421,128","5,774,323","$5,884,115",0.0,0,0.0,0
176,"Green Bay, WI","206,520","1,429,520","95,051","4,038,921","1,310,472","$7,716,749",0.0,0,0,$0,"1,429,520","4,038,921","$7,716,749",0.0,0,0.0,0
177,"Portland, ME","203,914","3,579,334","215,901","38,588,039","3,772,649","$33,721,720",205.6,"1,561,191","31,854,407","$19,551,007","2,018,143","6,733,632","$14,170,713",168.9,"1,414,986",0.0,0
178,"Huntington, WV-KY-OH","202,637","1,627,522","110,701","4,977,698","1,047,218","$8,011,722",0.0,0,0,$0,"1,627,522","4,977,698","$8,011,722",0.0,0,0.0,0
179,"Winter Haven, FL","201,289","739,081","50,616","2,565,417","446,604","$5,738,904",0.0,0,0,$0,"739,081","2,565,417","$5,738,904",0.0,0,0.0,0
180,"Bremerton, WA","198,979","3,715,784","235,912","18,972,051","3,543,498","$39,601,842",5.7,"77,785","3,011,827","$4,540,882","3,637,999","15,960,224","$35,060,960",5.7,"77,785",0.0,0
181,"Avondale-Goodyear, AZ","197,041","375,379","23,113","697,247","167,180","$1,910,980",0.0,0,0,$0,"375,379","697,247","$1,910,980",0.0,0,4.0,"7,960"
182,"Amarillo, TX","196,651","1,012,770","65,448",0,"340,731","$5,059,695",0.0,0,0,$0,"1,012,770",0,"$5,059,695",0.0,0,0.0,0
183,"Erie, PA","196,611","3,117,449","225,130","9,748,699","2,726,886","$20,408,796",0.0,0,0,$0,"3,117,449","9,748,699","$20,408,796",0.0,0,0.0,0
184,"Santa Barbara, CA","195,861","3,281,208","249,471","25,748,791","6,408,103","$27,829,845",0.0,0,0,$0,"3,281,208","25,748,791","$27,829,845",0.0,0,0.0,0
185,"Waterbury, CT","194,535","6,892,227","307,755","170,187,815","9,215,535","$111,101,919",51.0,"5,196,750","165,144,162","$96,474,704","1,695,477","5,043,653","$14,627,215",22.2,"5,196,750",0.0,0
186,"Fort Walton Beach-Navarre-Wright, FL","191,917","1,071,605","65,301","624,720","177,875","$2,981,672",0.0,0,0,$0,"1,071,605","624,720","$2,981,672",0.0,0,0.0,0
187,"Gainesville, FL","187,781","4,334,803","347,781","27,730,166","9,164,971","$25,406,557",0.0,0,0,$0,"4,334,803","27,730,166","$25,406,557",0.0,0,0.0,0
188,"Salinas, CA","184,809","2,705,010","155,319","21,405,964","1,582,537","$11,593,529",0.0,0,0,$0,"2,705,010","21,405,964","$11,593,529",0.0,0,0.0,0
189,"Hagerstown, MD-WV-PA","182,696","1,084,132","63,715",0,"674,493","$4,542,749",0.0,0,0,$0,"1,084,132",0,"$4,542,749",0.0,0,0.0,0
190,"Deltona, FL","182,169","1,496,529","98,542","4,580,465","963,080","$6,665,944",0.0,0,0,$0,"1,496,529","4,580,465","$6,665,944",0.0,0,0.0,0
191,"Lorain-Elyria, OH","180,956","360,426","26,023",0,"59,045","$1,952,333",0.0,0,0,$0,"360,426",0,"$1,952,333",0.0,0,0.0,0
192,"Spartanburg, SC","180,786","1,494,071","80,653","1,772,237","492,346","$4,370,708",0.0,0,0,$0,"1,494,071","1,772,237","$4,370,708",0.0,0,0.0,0
193,"Cedar Rapids, IA","177,844","1,406,869","97,656","6,301,868","1,352,451","$9,147,958",0.0,0,0,$0,"1,406,869","6,301,868","$9,147,958",0.0,0,0.0,0
194,"Fargo, ND-MN","176,676","2,122,483","167,013","8,219,312","2,058,004","$10,907,063",0.0,0,0,$0,"2,122,483","8,219,312","$10,907,063",0.0,0,0.0,0
195,"Olympia-Lacey, WA","176,617","4,432,071","293,794","21,169,905","3,969,265","$35,997,054",0.0,0,0,$0,"4,432,071","21,169,905","$35,997,054",0.0,0,0.0,0
196,"Waco, TX","172,378","1,230,989","78,629","5,092,845","1,295,788","$6,430,496",0.0,0,0,$0,"1,230,989","5,092,845","$6,430,496",0.0,0,0.0,0
197,"College Station-Bryan, TX","171,345","707,921","38,054","1,736,694","243,150","$3,216,680",0.0,0,0,$0,"707,921","1,736,694","$3,216,680",0.0,0,0.0,0
198,"McKinney, TX","170,030","332,072","9,622","1,912,327","52,064","$249,378",0.0,0,0,$0,"332,072","1,912,327","$249,378",0.0,0,0.0,0
199,"North Port-Port Charlotte, FL","169,541","899,986","56,085","1,604,881","188,764","$3,892,581",0.0,0,0,$0,"899,986","1,604,881","$3,892,581",0.0,0,0.0,0
200,"Gastonia, NC-SC","169,495","662,539","43,528",0,"277,812","$3,828,436",0.0,0,0,$0,"662,539",0,"$3,828,436",0.0,0,0.0,0
201,"Danbury, CT-NY","168,136","6,580,535","251,922","169,711,537","7,709,782","$103,425,708",51.0,"5,196,750","165,144,162","$96,474,704","1,383,785","4,567,375","$6,951,004",34.4,"5,196,750",0.0,0
202,"High Point, NC","166,485","862,602","52,427","770,711","1,170,117","$4,228,304",0.0,0,0,$0,"862,602","770,711","$4,228,304",0.0,0,0.0,0
203,"Vallejo, CA","165,074","1,761,652","115,207","11,548,151","1,393,036","$13,855,938",0.0,0,0,$0,"1,761,652","11,548,151","$13,855,938",0.0,0,0.0,0
204,"Santa Cruz, CA","163,703","2,546,404","187,120","24,177,463","3,745,778","$34,086,535",0.0,0,0,$0,"2,546,404","24,177,463","$34,086,535",0.0,0,0.0,0
205,"Hemet, CA","163,379","1,493,744","96,252","6,002,300","751,909","$7,647,757",0.0,0,0,$0,"1,493,744","6,002,300","$7,647,757",0.0,0,0.0,0
206,"Springfield, IL","161,316","1,759,290","137,154","6,171,048","1,622,854","$14,011,414",0.0,0,0,$0,"1,759,290","6,171,048","$14,011,414",0.0,0,0.0,0
207,"Muskegon, MI","161,280","1,505,178","105,019","13,504","739,519","$7,939,986",0.0,0,0,$0,"1,505,178","13,504","$7,939,986",0.0,0,0.0,0
208,"Clarksville, TN-KY","158,655","1,529,584","96,253",0,"696,387","$6,244,821",0.0,0,0,$0,"1,529,584",0,"$6,244,821",0.0,0,0.0,0
209,"Manchester, NH","158,377","625,453","59,171",0,"420,470","$4,086,469",0.0,0,0,$0,"625,453",0,"$4,086,469",0.0,0,0.0,0
210,"Binghamton, NY-PA","158,084","1,506,160","126,106","7,445,761","2,001,354","$10,051,215",0.0,0,0,$0,"1,506,160","7,445,761","$10,051,215",0.0,0,0.0,0
211,"Ocala, FL","156,909","558,818","37,615","2,254,963","430,967","$2,508,030",0.0,0,0,$0,"558,818","2,254,963","$2,508,030",0.0,0,0.0,0
212,"Sioux Falls, SD","156,777","1,280,015","111,611","3,934,928","897,078","$8,859,143",0.0,0,0,$0,"1,280,015","3,934,928","$8,859,143",0.0,0,0.0,0
213,"Medford, OR","154,081","1,364,936","93,364","6,868,264","1,210,070","$11,202,999",0.0,0,0,$0,"1,364,936","6,868,264","$11,202,999",0.0,0,0.0,0
214,"Charleston, WV","153,199","2,423,965","150,717","8,174,058","1,649,660","$13,029,694",0.0,0,0,$0,"2,423,965","8,174,058","$13,029,694",0.0,0,0.0,0
215,"Port Arthur, TX","153,150","342,728","22,410","1,771","101,071","$2,208,685",0.0,0,0,$0,"342,728","1,771","$2,208,685",0.0,0,0.0,0
216,"Nampa, ID","151,499","894,213","59,103","3,415,573","509,551","$4,898,720",0.0,0,0,$0,"894,213","3,415,573","$4,898,720",0.0,0,0.0,0
217,"Topeka, KS","150,003","1,134,193","76,505","5,282,420","1,270,226","$7,876,478",0.0,0,0,$0,"1,134,193","5,282,420","$7,876,478",0.0,0,0.0,0
218,"Ponce, PR","149,539","628,765","64,275","1,949,500","1,096,592","$2,439,611",0.0,0,0,$0,"628,765","1,949,500","$2,439,611",0.0,0,0.0,0
219,"New Bedford, MA","149,443","1,094,943","82,801","4,639,944","1,407,962","$9,236,098",0.0,0,0,$0,"1,094,943","4,639,944","$9,236,098",0.0,0,0.0,0
220,"Sebastian-Vero Beach South-Florida Ridge, FL","149,422","1,243,499","68,997","5,444,351","1,141,979","$3,895,265",0.0,0,0,$0,"1,243,499","5,444,351","$3,895,265",0.0,0,0.0,0
221,"Spring Hill, FL","148,220","496,853","24,396","358,343","117,387","$1,780,723",0.0,0,0,$0,"496,853","358,343","$1,780,723",0.0,0,0.0,0
222,"Beaumont, TX","147,922","851,363","63,181","1,492,299","437,509","$5,243,839",0.0,0,0,$0,"851,363","1,492,299","$5,243,839",0.0,0,0.0,0
223,"Lafayette, IN","147,725","1,883,000","148,398","11,751,998","4,676,838","$11,199,153",0.0,0,0,$0,"1,883,000","11,751,998","$11,199,153",0.0,0,0.0,0
224,"Champaign, IL","145,361","3,486,443","319,140","21,552,913","11,537,121","$34,411,925",0.0,0,0,$0,"3,486,443","21,552,913","$34,411,925",0.0,0,0.0,0
225,"Marysville, WA","145,140","990,362","65,849","4,791,875","834,834","$10,738,138",0.0,0,0,$0,"990,362","4,791,875","$10,738,138",0.0,0,0.0,0
226,"Houma, LA","144,875","409,042","22,479",0,"162,124","$1,954,177",0.0,0,0,$0,"409,042",0,"$1,954,177",0.0,0,0.0,0
227,"Elkhart, IN-MI","143,592","936,221","54,422","2,648,357","443,193","$3,183,329",0.0,0,0,$0,"936,221","2,648,357","$3,183,329",0.0,0,0.0,0
228,"Lake Charles, LA","143,440","218,243","16,975",0,"279,018","$3,089,593",0.0,0,0,$0,"218,243",0,"$3,089,593",0.0,0,0.0,0
230,"Frederick, MD","141,576","1,078,870","75,762","3,194,792","525,334","$5,768,616",0.0,0,0,$0,"1,078,870","3,194,792","$5,768,616",0.0,0,0.0,0
231,"Fredericksburg, VA","141,238","909,673","47,032","1,669,599","310,828","$3,269,704",0.0,0,0,$0,"909,673","1,669,599","$3,269,704",0.0,0,0.0,0
232,"Arecibo, PR","139,171","628,136","51,384","1,776,390","490,872","$1,468,006",0.0,0,0,$0,"628,136","1,776,390","$1,468,006",0.0,0,0.0,0
233,"Tuscaloosa, AL","139,114","398,647","28,095",0,"282,674","$2,073,136",0.0,0,0,$0,"398,647",0,"$2,073,136",0.0,0,0.0,0
234,"Macon, GA","137,570","1,309,451","80,303","463,875","767,769","$6,459,363",0.0,0,0,$0,"1,309,451","463,875","$6,459,363",0.0,0,0.0,0
235,"Merced, CA","136,969","1,978,996","127,922","7,055,497","786,475","$8,409,100",0.0,0,0,$0,"1,978,996","7,055,497","$8,409,100",0.0,0,0.0,0
236,"Pueblo, CO","136,550","867,724","60,103","3,159,566","864,290","$4,594,992",0.0,0,0,$0,"867,724","3,159,566","$4,594,992",0.0,0,0.0,0
237,"Harlingen, TX","135,663","403,310","20,908","1,407,622","135,868","$1,224,323",0.0,0,0,$0,"403,310","1,407,622","$1,224,323",0.0,0,0.0,0
238,"Yuma, AZ-CA","135,267","1,119,069","39,056","7,265,508","337,123","$2,025,733",0.0,0,0,$0,"1,119,069","7,265,508","$2,025,733",0.0,0,0.0,0
239,"Racine, WI","133,700","1,129,351","89,228","3,798,377","1,123,694","$7,646,723",0.0,0,0,$0,"1,129,351","3,798,377","$7,646,723",0.0,0,0.0,0
240,"Fairfield, CA","133,683","1,093,758","69,188","3,029,661","648,466","$7,856,618",0.0,0,0,$0,"1,093,758","3,029,661","$7,856,618",0.0,0,0.0,0
241,"Murfreesboro, TN","133,228","394,312","30,769","498,410","344,380","$2,336,465",0.0,0,0,$0,"394,312","498,410","$2,336,465",0.0,0,0.0,0
242,"Warner Robins, GA","133,109","166,113","4,364","956,749","24,130","$70,347",0.0,0,0,$0,"166,113","956,749","$70,347",0.0,0,0.0,0
243,"Bloomington-Normal, IL","132,600","1,661,810","141,210","7,222,777","2,330,123","$12,163,570",0.0,0,0,$0,"1,661,810","7,222,777","$12,163,570",0.0,0,0.0,0
244,"Leesburg-Eustis-Tavares, FL","131,337","1,023,837","62,859","2,734,697","390,418","$5,164,463",0.0,0,0,$0,"1,023,837","2,734,697","$5,164,463",0.0,0,0.0,0
245,"Gainesville, GA","130,846","358,721","23,933","86,976","151,248","$1,255,501",0.0,0,0,$0,"358,721","86,976","$1,255,501",0.0,0,0.0,0
246,"Santa Maria, CA","130,447","1,729,258","92,369","11,155,108","1,013,583","$5,066,517",0.0,0,0,$0,"1,729,258","11,155,108","$5,066,517",0.0,0,0.0,0
247,"Tyler, TX","130,247","654,006","45,422",0,"205,275","$2,694,356",0.0,0,0,$0,"654,006",0,"$2,694,356",0.0,0,0.0,0
248,"Yakima, WA","129,534","1,418,739","89,936","6,634,252","1,093,466","$8,201,570",0.0,0,0,$0,"1,418,739","6,634,252","$8,201,570",0.0,0,0.0,0
249,"Athens-Clarke County, GA","128,754","1,955,065","175,774","11,845,767","7,303,594","$12,579,271",0.0,0,0,$0,"1,955,065","11,845,767","$12,579,271",0.0,0,0.0,0
250,"Las Cruces, NM","128,600","843,468","67,969",0,"637,167","$4,691,488",0.0,0,0,$0,"843,468",0,"$4,691,488",0.0,0,0.0,0
251,"Grand Junction, CO","128,124","986,612","65,380",0,"777,384","$3,502,064",0.0,0,0,$0,"986,612",0,"$3,502,064",0.0,0,0.0,0
252,"Odessa, TX","126,405","476,239","31,687",0,"184,266","$2,415,151",0.0,0,0,$0,"476,239",0,"$2,415,151",0.0,0,0.0,0
253,"Saginaw, MI","126,265","1,243,024","80,285","3,954,850","528,026","$7,178,105",0.0,0,0,$0,"1,243,024","3,954,850","$7,178,105",0.0,0,0.0,0
254,"Simi Valley, CA","125,206","540,835","45,049",0,"305,322","$7,712,840",0.0,0,0,$0,"540,835",0,"$7,712,840",0.0,0,0.0,0
255,"Columbia, MO","124,748","1,008,664","96,188","3,345,061","1,299,388","$7,036,675",0.0,0,0,$0,"1,008,664","3,345,061","$7,036,675",0.0,0,0.0,0
256,"Kenosha, WI-IL","124,064","1,273,610","97,078","4,692,870","1,416,199","$7,666,304",1.7,"17,242","65,289","$350,267","1,256,368","4,627,581","$7,316,037",1.7,"17,242",0.0,0
257,"Fort Smith, AR-OK","122,947","442,798","30,946",0,"276,090","$2,162,835",0.0,0,0,$0,"442,798",0,"$2,162,835",0.0,0,0.0,0
258,"Mauldin-Simpsonville, SC","120,577","162,262","8,915","492,711","87,812","$644,142",0.0,0,0,$0,"162,262","492,711","$644,142",0.0,0,0.0,0
259,"Johnson City, TN","120,415","1,189,062","81,983","533,174","679,137","$4,599,207",0.0,0,0,$0,"1,189,062","533,174","$4,599,207",0.0,0,0.0,0
260,"Duluth, MN-WI","120,378","2,429,723","187,289","11,151,556","2,794,941","$17,706,194",0.0,0,0,$0,"2,429,723","11,151,556","$17,706,194",0.0,0,0.0,0
261,"Burlington, NC","119,911","1,156,868","66,101","2,919,558","230,457","$2,978,287",0.0,0,0,$0,"1,156,868","2,919,558","$2,978,287",0.0,0,0.0,0
262,"South Lyon-Howell, MI","119,509","844,882","41,679","658,545","136,039","$2,815,508",0.0,0,0,$0,"844,882","658,545","$2,815,508",0.0,0,0.0,0
263,"San Germán-Cabo Rojo-Sabana Grande, PR","118,199","259,312","20,598","1,003,760","260,678","$410,421",0.0,0,0,$0,"259,312","1,003,760","$410,421",0.0,0,0.0,0
264,"Greeley, CO","117,825","700,682","54,625","69,691","843,775","$4,334,057",0.0,0,0,$0,"700,682","69,691","$4,334,057",0.0,0,0.0,0
265,"Midland, TX","117,807","476,241","31,688",0,"184,268","$2,415,153",0.0,0,0,$0,"476,241",0,"$2,415,153",0.0,0,0.0,0
266,"Greenville, NC","117,798","607,975","41,013",0,"437,229","$2,651,198",0.0,0,0,$0,"607,975",0,"$2,651,198",0.0,0,0.0,0
267,"Redding, CA","117,731","932,088","54,854","4,677,907","638,911","$5,356,896",0.0,0,0,$0,"932,088","4,677,907","$5,356,896",0.0,0,0.0,0
268,"Utica, NY","117,328","809,717","69,535","2,899,381","867,245","$8,432,006",0.0,0,0,$0,"809,717","2,899,381","$8,432,006",0.0,0,0.0,0
269,"Leominster-Fitchburg, MA","116,960","3,060,903","199,533","6,986,369","903,905","$16,054,670",0.0,0,0,$0,"3,060,903","6,986,369","$16,054,670",0.0,0,0.0,0
270,"Yuba City, CA","116,719","1,131,856","78,266","7,370,380","994,057","$6,772,373",0.0,0,0,$0,"1,131,856","7,370,380","$6,772,373",0.0,0,0.0,0
271,"Lynchburg, VA","116,636","1,271,939","106,038","10,328,473","2,327,762","$8,363,543",0.0,0,0,$0,"1,271,939","10,328,473","$8,363,543",0.0,0,0.0,0
272,"Monroe, LA","116,533","656,045","44,744",0,"930,134","$5,081,583",0.0,0,0,$0,"656,045",0,"$5,081,583",0.0,0,0.0,0
273,"Billings, MT","114,773","737,597","51,860","2,197,217","500,980","$5,079,703",0.0,0,0,$0,"737,597","2,197,217","$5,079,703",0.0,0,0.0,0
274,"Boulder, CO","114,591","4,278,879","331,978","37,649,423","8,226,935","$41,213,993",0.0,0,0,$0,"4,278,879","37,649,423","$41,213,993",0.0,0,0.0,0
275,"Bellingham, WA","114,473","3,460,381","229,248","16,000,857","4,805,835","$29,814,274",0.0,0,0,$0,"3,460,381","16,000,857","$29,814,274",0.0,0,0.0,0
276,"Seaside-Monterey, CA","114,237","2,664,430","171,661","15,024,055","2,381,330","$20,476,323",0.0,0,0,$0,"2,664,430","15,024,055","$20,476,323",0.0,0,0.0,0
277,"Kailua (Honolulu County)-Kaneohe, HI","113,682","546,786","34,499","2,690,613","490,794","$3,812,810",0.0,0,0,$0,"546,786","2,690,613","$3,812,810",0.0,0,0.0,0
278,"Waterloo, IA","113,418","984,448","61,809",0,"432,347","$5,227,816",0.0,0,0,$0,"984,448",0,"$5,227,816",0.0,0,0.0,0
279,"Lady Lake-The Villages, FL","112,991","42,377","2,715","56,376","4,659","$176,193",0.0,0,0,$0,"42,377","56,376","$176,193",0.0,0,0.0,0
280,"Dover, DE","110,769","2,498,008","154,788","6,830,285","1,167,429","$18,539,612",0.0,0,0,$0,"2,498,008","6,830,285","$18,539,612",0.0,0,0.0,0
281,"St. Cloud, MN","110,621","2,054,154","149,059","6,884,580","1,810,017","$13,114,124",0.0,0,0,$0,"2,054,154","6,884,580","$13,114,124",0.0,0,0.0,0
282,"Abilene, TX","110,421","801,037","59,116",0,"381,417","$3,947,859",0.0,0,0,$0,"801,037",0,"$3,947,859",0.0,0,0.0,0
283,"Waldorf, MD","109,919","1,145,179","64,556","4,040,210","575,728","$5,100,047",0.0,0,0,$0,"1,145,179","4,040,210","$5,100,047",0.0,0,0.0,0
284,"Mayagüez, PR","109,572","944,902","114,223","2,283,181","970,523","$2,702,891",0.0,0,0,$0,"944,902","2,283,181","$2,702,891",0.0,0,0.0,0
285,"Burlington, VT","108,740","1,883,228","130,922","9,973,169","2,304,543","$13,550,318",0.0,0,0,$0,"1,883,228","9,973,169","$13,550,318",0.0,0,0.0,0
286,"Bloomington, IN","108,657","1,123,505","109,923","6,670,254","3,141,183","$7,598,636",0.0,0,0,$0,"1,123,505","6,670,254","$7,598,636",0.0,0,0.0,0
287,"Pottstown, PA","107,682","277,187","22,007","282,716","239,464","$2,128,158",0.0,0,0,$0,"277,187","282,716","$2,128,158",0.0,0,0.0,0
288,"Rochester, MN","107,677","1,684,922","112,076","7,634,118","2,056,278","$9,649,515",0.0,0,0,$0,"1,684,922","7,634,118","$9,649,515",0.0,0,0.0,0
289,"El Centro-Calexico, CA","107,672","2,074,651","90,077","18,378,317","1,033,829","$6,007,617",0.0,0,0,$0,"2,074,651","18,378,317","$6,007,617",0.0,0,0.0,0
290,"Iowa City, IA","106,621","2,078,409","192,841","10,438,534","5,769,830","$12,932,915",0.0,0,0,$0,"2,078,409","10,438,534","$12,932,915",0.0,0,0.0,0
291,"Kingsport, TN-VA","106,571","697,320","44,186","408,405","186,375","$2,170,537",0.0,0,0,$0,"697,320","408,405","$2,170,537",0.0,0,0.0,0
292,"Sioux City, IA-NE-SD","106,494","803,434","60,153","3,898,263","868,984","$5,211,506",0.0,0,0,$0,"803,434","3,898,263","$5,211,506",0.0,0,0.0,0
293,"Texas City, TX","106,383","554,804","29,405","1,128,588","151,979","$2,481,256",0.0,0,0,$0,"554,804","1,128,588","$2,481,256",0.0,0,0.0,0
294,"Jacksonville, NC","105,419","788,683","47,959",0,"183,590","$1,808,600",0.0,0,0,$0,"788,683",0,"$1,808,600",0.0,0,0.0,0
295,"Rock Hill, SC","104,996","117,669","7,545",0,"14,471","$315,259",0.0,0,0,$0,"117,669",0,"$315,259",0.0,0,0.0,0
296,"Norman, OK","103,898","756,014","59,886",0,"1,172,774","$4,527,970",0.0,0,0,$0,"756,014",0,"$4,527,970",0.0,0,0.0,0
297,"Eau Claire, WI","102,852","1,407,087","89,698","2,867,029","1,027,189","$5,906,749",0.0,0,0,$0,"1,407,087","2,867,029","$5,906,749",0.0,0,0.0,0
298,"La Crosse, WI-MN","100,868","1,414,209","98,575","2,992,342","1,037,424","$6,443,930",0.0,0,0,$0,"1,414,209","2,992,342","$6,443,930",0.0,0,0.0,0
299,"Holland, MI","99,941","904,197","68,929","1,848,648","430,239","$4,593,618",0.0,0,0,$0,"904,197","1,848,648","$4,593,618",0.0,0,0.0,0
300,"Turlock, CA","99,904","444,580","37,983","983,153","223,278","$2,837,779",0.0,0,0,$0,"444,580","983,153","$2,837,779",0.0,0,0.0,0
301,"Wichita Falls, TX","99,437","574,267","37,333",0,"487,845","$2,555,244",0.0,0,0,$0,"574,267",0,"$2,555,244",0.0,0,0.0,0
302,"Longview, TX","98,884","355,138","23,185",0,"254,913","$1,739,449",0.0,0,0,$0,"355,138",0,"$1,739,449",0.0,0,0.0,0
303,"Gilroy-Morgan Hill, CA","98,413","173,749","15,418","647,279","214,048","$2,927,090",0.0,0,0,$0,"173,749","647,279","$2,927,090",0.0,0,0.0,0
304,"Coeur d'Alene, ID","98,378","335,858","22,056",0,"205,603","$1,344,508",0.0,0,0,$0,"335,858",0,"$1,344,508",0.0,0,0.0,0
305,"St. George, UT","98,370","370,284","27,122",0,"418,984","$1,640,901",0.0,0,0,$0,"370,284",0,"$1,640,901",0.0,0,0.0,0
306,"Chico, CA","98,176","1,183,759","90,731","5,213,621","1,080,179","$7,548,107",0.0,0,0,$0,"1,183,759","5,213,621","$7,548,107",0.0,0,0.0,0
307,"Salisbury, MD-DE","98,081","1,620,116","67,797","7,053,958","292,518","$5,885,113",0.0,0,0,$0,"1,620,116","7,053,958","$5,885,113",0.0,0,0.0,0
308,"Middletown, OH","97,503","208,698","16,747",0,"146,186","$998,825",0.0,0,0,$0,"208,698",0,"$998,825",0.0,0,0.0,0
309,"Albany, GA","95,779","727,864","44,626","4,126,577","780,532","$4,082,360",0.0,0,0,$0,"727,864","4,126,577","$4,082,360",0.0,0,0.0,0
310,"Vineland, NJ","95,259","487,078","33,951","477,907","88,297","$2,325,203",0.0,0,0,$0,"487,078","477,907","$2,325,203",0.0,0,0.0,0
311,"Logan, UT","94,983","854,483","58,175","4,457,093","1,369,359","$5,017,586",0.0,0,0,$0,"854,483","4,457,093","$5,017,586",0.0,0,0.0,0
312,"Lawton, OK","94,457","605,112","42,175",0,"359,194","$2,514,165",0.0,0,0,$0,"605,112",0,"$2,514,165",0.0,0,0.0,0
313,"Decatur, IL","93,863","1,096,699","78,303","3,386,339","1,160,853","$7,229,222",0.0,0,0,$0,"1,096,699","3,386,339","$7,229,222",0.0,0,0.0,0
314,"Vacaville, CA","93,141","676,840","46,038","759,016","461,166","$3,151,917",0.0,0,0,$0,"676,840","759,016","$3,151,917",0.0,0,0.0,0
315,"San Angelo, TX","92,984","680,962","39,611","1,990,057","223,763","$2,955,753",0.0,0,0,$0,"680,962","1,990,057","$2,955,753",0.0,0,0.0,0
316,"Terre Haute, IN","92,742","466,737","40,334","511,039","259,078","$2,737,766",0.0,0,0,$0,"466,737","511,039","$2,737,766",0.0,0,0.0,0
317,"Charlottesville, VA","92,359","1,399,545","138,005","1,437,985","1,646,024","$9,432,785",0.0,0,0,$0,"1,399,545","1,437,985","$9,432,785",0.0,0,0.0,0
318,"Slidell, LA","91,151","279,735","18,193",0,"37,364","$1,174,866",0.0,0,0,$0,"279,735",0,"$1,174,866",0.0,0,0.0,0
319,"Yauco, PR","90,899","452,592","36,394","1,011,698","270,950","$634,193",0.0,0,0,$0,"452,592","1,011,698","$634,193",0.0,0,0.0,0
320,"Longmont, CO","90,897","980,919","76,108","4,841,052","1,205,619","$5,798,397",0.0,0,0,$0,"980,919","4,841,052","$5,798,397",0.0,0,0.0,0
321,"Idaho Falls, ID","90,733","380,490","31,132",0,"52,052","$1,486,877",0.0,0,0,$0,"380,490",0,"$1,486,877",0.0,0,0.0,0
322,"Muncie, IN","90,580","955,725","73,182","4,810,538","1,391,256","$7,186,396",0.0,0,0,$0,"955,725","4,810,538","$7,186,396",0.0,0,0.0,0
323,"Temple, TX","90,390","394,118","28,273","938,755","146,128","$2,704,804",0.0,0,0,$0,"394,118","938,755","$2,704,804",0.0,0,0.0,0
324,"Jackson, MI","90,057","544,206","40,478","1,538,513","510,254","$4,067,748",0.0,0,0,$0,"544,206","1,538,513","$4,067,748",0.0,0,0.0,0
325,"Florence, SC","89,557","351,902","22,014",0,"156,293","$1,658,309",0.0,0,0,$0,"351,902",0,"$1,658,309",0.0,0,0.0,0
326,"Santa Fe, NM","89,284","1,159,646","100,741","3,227,227","981,360","$9,453,576",0.0,0,0,$0,"1,159,646","3,227,227","$9,453,576",0.0,0,0.0,0
327,"Mandeville-Covington, LA","88,925","145,833","9,484",0,"19,479","$612,488",0.0,0,0,$0,"145,833",0,"$612,488",0.0,0,0.0,0
328,"Blacksburg, VA","88,542","1,571,142","149,509","7,250,060","4,425,838","$10,482,155",0.0,0,0,$0,"1,571,142","7,250,060","$10,482,155",0.0,0,0.0,0
329,"Portsmouth, NH-ME","88,200","596,198","38,925","2,012,229","653,009","$3,882,017",0.0,0,0,$0,"596,198","2,012,229","$3,882,017",0.0,0,0.0,0
330,"Anderson, IN","88,133","429,663","31,977",0,"226,612","$2,544,539",0.0,0,0,$0,"429,663",0,"$2,544,539",0.0,0,0.0,0
331,"Dover-Rochester, NH-ME","88,087","589,468","38,603","1,331,408","813,827","$3,945,772",0.0,0,0,$0,"589,468","1,331,408","$3,945,772",0.0,0,0.0,0
332,"Lawrence, KS","88,053","1,651,416","154,545","5,295,402","3,032,552","$8,816,751",0.0,0,0,$0,"1,651,416","5,295,402","$8,816,751",0.0,0,0.0,0
333,"Hanford, CA","87,941","2,143,478","83,060","19,335,539","1,051,860","$4,720,671",0.0,0,0,$0,"2,143,478","19,335,539","$4,720,671",0.0,0,0.0,0
334,"Tracy, CA","87,569","828,862","50,987","3,134,625","266,273","$5,603,305",0.0,0,0,$0,"828,862","3,134,625","$5,603,305",0.0,0,0.0,0
335,"State College, PA","87,454","2,888,139","188,608","23,899,720","6,702,177","$17,367,392",0.0,0,0,$0,"2,888,139","23,899,720","$17,367,392",0.0,0,0.0,0
336,"Port Huron, MI","87,106","1,935,243","133,573","7,300,973","1,388,666","$9,313,108",0.0,0,0,$0,"1,935,243","7,300,973","$9,313,108",0.0,0,0.0,0
337,"Springfield, OH","85,256","248,149","18,860",0,"181,550","$1,879,410",0.0,0,0,$0,"248,149",0,"$1,879,410",0.0,0,0.0,0
339,"Fajardo, PR","85,225","363,138","34,033","10,469,206","1,307,571","$26,183,018",84.4,"133,058","9,780,302","$25,661,850","230,080","688,904","$521,168",84.4,"133,058",0.0,0
342,"Napa, CA","83,913","1,461,968","92,821","8,792,309","941,271","$8,992,348",0.0,0,0,$0,"1,461,968","8,792,309","$8,992,348",0.0,0,0.0,0
343,"Alton, IL-MO","83,890","447,418","26,451","1,679,586","239,075","$2,532,995",0.0,0,0,$0,"447,418","1,679,586","$2,532,995",0.0,0,0.0,0
344,"Bend, OR","83,794","654,518","50,092","1,652,981","449,120","$3,638,758",0.0,0,0,$0,"654,518","1,652,981","$3,638,758",0.0,0,0.0,0
345,"Manteca, CA","83,578","348,890","20,202","1,526,381","106,685","$2,151,879",0.0,0,0,$0,"348,890","1,526,381","$2,151,879",0.0,0,0.0,0
346,"Alexandria, LA","82,804","533,374","39,769",0,"577,510","$2,946,411",0.0,0,0,$0,"533,374",0,"$2,946,411",0.0,0,0.0,0
347,"Joplin, MO","82,775","318,455","25,520",0,"140,382","$1,124,002",0.0,0,0,$0,"318,455",0,"$1,124,002",0.0,0,0.0,0
348,"Missoula, MT","82,157","964,854","74,354","3,833,243","1,877,428","$6,811,386",0.0,0,0,$0,"964,854","3,833,243","$6,811,386",0.0,0,0.0,0
349,"Bismarck, ND","81,955","911,139","61,387",0,"228,692","$3,863,074",0.0,0,0,$0,"911,139",0,"$3,863,074",0.0,0,0.0,0
350,"Kankakee, IL","81,926","1,123,308","71,506","5,227,002","658,828","$6,611,543",0.0,0,0,$0,"1,123,308","5,227,002","$6,611,543",0.0,0,0.0,0
351,"Livermore, CA","81,624","339,718","24,927","1,017,332","213,065","$2,174,763",0.0,0,0,$0,"339,718","1,017,332","$2,174,763",0.0,0,0.0,0
352,"Rapid City, SD","81,251","548,463","41,777",0,"453,453","$2,256,327",0.0,0,0,$0,"548,463",0,"$2,256,327",0.0,0,0.0,0
353,"Wheeling, WV-OH","81,249","773,682","56,154","1,287,072","365,879","$4,150,959",0.0,0,0,$0,"773,682","1,287,072","$4,150,959",0.0,0,0.0,0
354,"St. Joseph, MO-KS","81,176","771,956","64,289",0,"428,748","$5,357,035",0.0,0,0,$0,"771,956",0,"$5,357,035",0.0,0,0.0,0
355,"Homosassa Springs-Beverly Hills-Citrus Springs, FL","80,962","283,519","15,643","147,114","43,845","$1,002,216",0.0,0,0,$0,"283,519","147,114","$1,002,216",0.0,0,0.0,0
356,"Juana Díaz, PR","80,928","153,851","12,383","405,713","141,295","$199,830",0.0,0,0,$0,"153,851","405,713","$199,830",0.0,0,0.0,0
357,"Hattiesburg, MS","80,358","307,945","17,592",0,"81,064","$1,549,032",0.0,0,0,$0,"307,945",0,"$1,549,032",0.0,0,0.0,0
358,"Guayama, PR","80,155","219,182","20,352","1,246,252","286,902","$382,075",0.0,0,0,$0,"219,182","1,246,252","$382,075",0.0,0,0.0,0
359,"Altoona, PA","79,930","521,794","40,006","2,487,900","557,190","$5,144,553",0.0,0,0,$0,"521,794","2,487,900","$5,144,553",0.0,0,0.0,0
360,"Anniston-Oxford, AL","79,796","414,557","26,702","423,355","184,038","$1,281,256",0.0,0,0,$0,"414,557","423,355","$1,281,256",0.0,0,0.0,0
361,"Lafayette-Louisville-Erie, CO","79,407","228,465","17,064","972,059","233,154","$1,267,978",0.0,0,0,$0,"228,465","972,059","$1,267,978",0.0,0,0.0,0
362,"Madera, CA","78,413","821,250","38,762","6,029,907","224,937","$2,501,709",0.0,0,0,$0,"821,250","6,029,907","$2,501,709",0.0,0,0.0,0
363,"Battle Creek, MI","78,393","721,066","44,058","954,695","458,460","$4,509,001",0.0,0,0,$0,"721,066","954,695","$4,509,001",0.0,0,0.0,0
364,"Bowling Green, KY","78,306","272,777","23,513",0,"87,727","$1,647,279",0.0,0,0,$0,"272,777",0,"$1,647,279",0.0,0,0.0,0
365,"Texarkana-Texarkana, TX-AR","78,162","430,623","29,037",0,"315,149","$1,766,585",0.0,0,0,$0,"430,623",0,"$1,766,585",0.0,0,0.0,0
366,"Lebanon, PA","77,086","737,188","44,794","2,188,748","355,365","$3,931,452",0.0,0,0,$0,"737,188","2,188,748","$3,931,452",0.0,0,0.0,0
368,"Florence, AL","77,074","296,916","20,880","623,744","67,720","$713,731",0.0,0,0,$0,"296,916","623,744","$713,731",0.0,0,0.0,0
369,"Newark, OH","76,068","804,006","42,400","792,365","89,526","$2,209,553",0.0,0,0,$0,"804,006","792,365","$2,209,553",0.0,0,0.0,0
370,"Anderson, SC","75,702","186,547","12,033",0,"266,105","$753,676",0.0,0,0,$0,"186,547",0,"$753,676",0.0,0,0.0,0
371,"Williamsburg, VA","75,689","1,092,205","78,068","4,826,334","2,010,959","$6,166,862",0.0,0,0,$0,"1,092,205","4,826,334","$6,166,862",0.0,0,0.0,0
372,"Mansfield, OH","75,250","388,526","29,095",0,"242,500","$2,169,668",0.0,0,0,$0,"388,526",0,"$2,169,668",0.0,0,0.0,0
373,"Lake Jackson-Angleton, TX","74,830","307,171","16,379","593,200","95,606","$1,121,686",0.0,0,0,$0,"307,171","593,200","$1,121,686",0.0,0,0.0,0
374,"Auburn, AL","74,741","425,751","31,855",0,"78,036","$1,521,363",0.0,0,0,$0,"425,751",0,"$1,521,363",0.0,0,0.0,0
375,"Wausau, WI","74,632","393,008","28,369",0,"507,200","$3,173,553",0.0,0,0,$0,"393,008",0,"$3,173,553",0.0,0,0.0,0
376,"Oshkosh, WI","74,495","850,995","53,816","2,114,340","934,442","$4,217,282",0.0,0,0,$0,"850,995","2,114,340","$4,217,282",0.0,0,0.0,0
377,"Cheyenne, WY","73,588","417,896","35,263",0,"176,787","$1,607,834",0.0,0,0,$0,"417,896",0,"$1,607,834",0.0,0,0.0,0
378,"Watsonville, CA","73,534","755,598","63,477","6,171,963","1,373,225","$11,562,727",0.0,0,0,$0,"755,598","6,171,963","$11,562,727",0.0,0,0.0,0
379,"Elizabethtown-Radcliff, KY","73,467","1,435,992","75,518","3,383,839","153,078","$2,911,622",0.0,0,0,$0,"1,435,992","3,383,839","$2,911,622",0.0,0,0.0,0
380,"Sumter, SC","73,107","250,961","13,976","772,072","74,286","$1,098,064",0.0,0,0,$0,"250,961","772,072","$1,098,064",0.0,0,0.0,0
381,"Lima, OH","72,852","472,676","30,390",0,"243,439","$2,361,904",0.0,0,0,$0,"472,676",0,"$2,361,904",0.0,0,0.0,0
382,"Davis, CA","72,794","1,248,000","101,630","10,503,234","4,198,092","$8,438,446",0.0,0,0,$0,"1,248,000","10,503,234","$8,438,446",0.0,0,0.0,0
383,"Westminster-Eldersburg, MD","72,714","430,919","42,315",0,"95,197","$1,634,556",0.0,0,0,$0,"430,919",0,"$1,634,556",0.0,0,0.0,0
384,"Flagstaff, AZ","71,957","1,092,942","83,091","7,811,355","2,466,502","$7,735,098",0.0,0,0,$0,"1,092,942","7,811,355","$7,735,098",0.0,0,0.0,0
385,"Jackson, TN","71,880","787,287","54,235","2,624,472","470,165","$3,326,698",0.0,0,0,$0,"787,287","2,624,472","$3,326,698",0.0,0,0.0,0
386,"Camarillo, CA","71,772","357,685","32,849",0,"172,192","$2,069,013",0.0,0,0,$0,"357,685",0,"$2,069,013",0.0,0,0.0,0
387,"Florida-Imbéry-Barceloneta, PR","71,747","76,561","14,035","12,420","63,089","$624,507",0.0,0,0,$0,"76,561","12,420","$624,507",0.0,0,0.0,0
388,"Sheboygan, WI","71,313","699,571","51,372",0,"634,372","$3,762,253",0.0,0,0,$0,"699,571",0,"$3,762,253",0.0,0,0.0,0
389,"Weirton-Steubenville, WV-OH-PA","70,889","395,455","31,765",0,"251,798","$2,122,478",0.0,0,0,$0,"395,455",0,"$2,122,478",0.0,0,0.0,0
390,"Bay City, MI","70,585","907,234","49,699","2,340,658","335,839","$5,457,884",0.0,0,0,$0,"907,234","2,340,658","$5,457,884",0.0,0,0.0,0
391,"Owensboro, KY","70,543","1,061,326","92,849","616,823","321,663","$3,791,161",0.0,0,0,$0,"1,061,326","616,823","$3,791,161",0.0,0,0.0,0
392,"Decatur, AL","70,436","367,766","21,562","491,925","95,334","$878,495",0.0,0,0,$0,"367,766","491,925","$878,495",0.0,0,0.0,0
393,"Morgantown, WV","70,350","1,845,457","153,636","3,623,838","2,936,019","$10,289,615",6.3,"632,104","3,623,838","$5,604,089","1,213,353",0,"$4,685,526",6.3,"632,104",0.0,0
394,"Porterville, CA","70,272","1,134,848","49,048","7,245,276","572,695","$2,957,161",0.0,0,0,$0,"1,134,848","7,245,276","$2,957,161",0.0,0,0.0,0
395,"Pocatello, ID","69,809","442,613","34,243",0,"243,573","$1,561,620",0.0,0,0,$0,"442,613",0,"$1,561,620",0.0,0,0.0,0
396,"Janesville, WI","69,658","449,490","30,162",0,"500,816","$3,559,738",0.0,0,0,$0,"449,490",0,"$3,559,738",0.0,0,0.0,0
397,"Bristol-Bristol, TN-VA","69,501","423,733","33,479","145,028","131,149","$1,368,459",0.0,0,0,$0,"423,733","145,028","$1,368,459",0.0,0,0.0,0
398,"Winchester, VA","69,449","193,935","18,079",0,"139,998","$966,708",0.0,0,0,$0,"193,935",0,"$966,708",0.0,0,0.0,0
399,"St. Augustine, FL","69,173","594,131","45,223",0,"316,142","$3,003,548",0.0,0,0,$0,"594,131",0,"$3,003,548",0.0,0,0.0,0
400,"Johnstown, PA","69,014","784,436","68,869","2,976,360","1,023,923","$7,526,029",0.2,"1,988","8,752","$707,166","782,448","2,967,608","$6,818,863",0.2,"1,988",0.0,0
402,"Dothan, AL","68,781","633,318","39,019",0,"81,985","$1,577,089",0.0,0,0,$0,"633,318",0,"$1,577,089",0.0,0,0.0,0
403,"Lodi, CA","68,738","440,070","38,030","381,500","331,174","$3,905,878",0.0,0,0,$0,"440,070","381,500","$3,905,878",0.0,0,0.0,0
404,"DeKalb, IL","68,545","616,561","46,657",0,"186,731","$3,239,896",0.0,0,0,$0,"616,561",0,"$3,239,896",0.0,0,0.0,0
405,"West Bend, WI","68,444","1,239,812","80,055","757,200","188,259","$2,881,024",0.0,0,0,$0,"1,239,812","757,200","$2,881,024",0.0,0,0.0,0
406,"Rocky Mount, NC","68,243","1,000,928","54,295",0,"307,721","$2,367,572",0.0,0,0,$0,"1,000,928",0,"$2,367,572",0.0,0,0.0,0
407,"Elmira, NY","67,983","591,330","33,681",0,"409,257","$4,476,604",0.0,0,0,$0,"591,330",0,"$4,476,604",0.0,0,0.0,0
408,"Carbondale, IL","67,821","974,793","60,808","2,977,621","218,665","$3,044,256",0.0,0,0,$0,"974,793","2,977,621","$3,044,256",0.0,0,0.0,0
409,"Dubuque, IA-IL","67,818","787,113","67,149",0,"509,583","$3,961,440",0.0,0,0,$0,"787,113",0,"$3,961,440",0.0,0,0.0,0
410,"Hammond, LA","67,629","65,395","3,421",0,"8,523","$172,285",0.0,0,0,$0,"65,395",0,"$172,285",0.0,0,0.0,0
411,"Parkersburg, WV-OH","67,229","700,640","48,106",0,"516,507","$3,593,559",0.0,0,0,$0,"700,640",0,"$3,593,559",0.0,0,0.0,0
412,"Wenatchee, WA","67,227","1,999,490","103,158","10,874,679","992,904","$13,178,679",0.0,0,0,$0,"1,999,490","10,874,679","$13,178,679",0.0,0,0.0,0
413,"Harrisonburg, VA","66,784","760,696","77,394","4,528,415","2,116,785","$4,782,498",0.0,0,0,$0,"760,696","4,528,415","$4,782,498",0.0,0,0.0,0
414,"Cleveland, TN","66,777","362,937","34,023",0,"144,667","$1,174,835",0.0,0,0,$0,"362,937",0,"$1,174,835",0.0,0,0.0,0
415,"Zephyrhills, FL","66,609","280,785","14,293","770,426","116,819","$1,106,979",0.0,0,0,$0,"280,785","770,426","$1,106,979",0.0,0,0.0,0
416,"Hanover, PA","66,301","635,444","36,987","1,793,542","276,394","$2,472,126",0.0,0,0,$0,"635,444","1,793,542","$2,472,126",0.0,0,0.0,0
417,"Monessen-California, PA","66,086","515,209","28,625","2,881,506","188,782","$2,642,096",0.0,0,0,$0,"515,209","2,881,506","$2,642,096",0.0,0,0.0,0
418,"Michigan City-La Porte, IN-MI","66,025","421,245","31,202",0,"213,749","$2,057,205",0.0,0,0,$0,"421,245",0,"$2,057,205",0.0,0,0.0,0
419,"Glens Falls, NY","65,443","352,420","20,646",0,"303,613","$1,630,456",0.0,0,0,$0,"352,420",0,"$1,630,456",0.0,0,0.0,0
420,"Jonesboro, AR","65,419","381,791","22,555",0,"134,692","$1,039,663",0.0,0,0,$0,"381,791",0,"$1,039,663",0.0,0,0.0,0
422,"Great Falls, MT","65,207","608,344","48,454","1,325,581","446,324","$3,376,602",0.0,0,0,$0,"608,344","1,325,581","$3,376,602",0.0,0,0.0,0
423,"El Paso de Robles (Paso Robles)-Atascadero, CA","65,088","674,039","31,494","4,818,125","325,591","$3,275,160",0.0,0,0,$0,"674,039","4,818,125","$3,275,160",0.0,0,0.0,0
424,"Casper, WY","64,548","446,030","36,648",0,"206,184","$1,915,814",0.0,0,0,$0,"446,030",0,"$1,915,814",0.0,0,0.0,0
425,"Fairbanks, AK","64,513","659,905","43,553","146,649","453,833","$6,599,292",8.6,"9,000","146,649","$445,064","650,905",0,"$6,154,228",8.6,"9,000",0.0,0
426,"Gadsden, AL","64,172","349,700","25,940",0,"103,529","$835,219",0.0,0,0,$0,"349,700",0,"$835,219",0.0,0,0.0,0
427,"Saratoga Springs, NY","64,100","307,827","23,706","528,530","125,524","$2,048,288",0.0,0,0,$0,"307,827","528,530","$2,048,288",0.0,0,0.0,0
428,"Petaluma, CA","64,078","498,954","39,795","1,694,839","426,967","$4,160,461",0.0,0,0,$0,"498,954","1,694,839","$4,160,461",0.0,0,0.0,0
429,"Twin Rivers-Hightstown, NJ","64,037","46,509","3,129",0,"16,469","$337,600",0.0,0,0,$0,"46,509",0,"$337,600",0.0,0,0.0,0
430,"Beckley, WV","64,022","289,400","17,691",0,"45,049","$1,388,451",0.0,0,0,$0,"289,400",0,"$1,388,451",0.0,0,0.0,0
431,"Longview, WA-OR","63,952","521,659","49,366","1,679,244","406,939","$4,504,188",0.0,0,0,$0,"521,659","1,679,244","$4,504,188",0.0,0,0.0,0
432,"Beloit, WI-IL","63,835","386,288","27,110","131,731","178,854","$2,812,657",0.0,0,0,$0,"386,288","131,731","$2,812,657",0.0,0,0.0,0
433,"Los Lunas, NM","63,758","252,428","16,113","296,165","38,981","$1,401,599",0.0,0,0,$0,"252,428","296,165","$1,401,599",0.0,0,0.0,0
434,"Victoria, TX","63,683","734,110","40,765",0,"249,782","$2,463,854",0.0,0,0,$0,"734,110",0,"$2,463,854",0.0,0,0.0,0
435,"Mount Vernon, WA","62,966","2,230,643","120,421","8,957,008","785,210","$12,890,277",0.0,0,0,$0,"2,230,643","8,957,008","$12,890,277",0.0,0,0.0,0
436,"Corvallis, OR","62,433","791,788","59,178","3,638,715","1,220,617","$4,427,815",0.0,0,0,$0,"791,788","3,638,715","$4,427,815",0.0,0,0.0,0
437,"Kokomo, IN","62,182","544,629","42,723","1,948,348","473,074","$2,241,560",0.0,0,0,$0,"544,629","1,948,348","$2,241,560",0.0,0,0.0,0
438,"Sherman, TX","61,900","610,034","20,879","2,379,230","78,639","$1,913,416",0.0,0,0,$0,"610,034","2,379,230","$1,913,416",0.0,0,0.0,0
440,"Grand Forks, ND-MN","61,270","610,132","54,814","1,268,199","316,552","$3,571,263",0.0,0,0,$0,"610,132","1,268,199","$3,571,263",0.0,0,0.0,0
441,"Bangor, ME","61,210","631,900","47,096",0,"799,726","$3,075,571",0.0,0,0,$0,"631,900",0,"$3,075,571",0.0,0,0.0,0
442,"Goldsboro, NC","61,054","414,173","26,452",0,"221,678","$1,482,714",0.0,0,0,$0,"414,173",0,"$1,482,714",0.0,0,0.0,0
443,"Benton Harbor-St. Joseph-Fair Plain, MI","61,022","534,715","43,514",0,"175,885","$2,297,385",0.0,0,0,$0,"534,715",0,"$2,297,385",0.0,0,0.0,0
444,"Rome, GA","60,851","626,913","39,492","5,010,744","1,090,576","$3,695,466",0.0,0,0,$0,"626,913","5,010,744","$3,695,466",0.0,0,0.0,0
445,"Ames, IA","60,438","1,368,707","131,744","10,627,324","6,572,065","$10,813,186",0.0,0,0,$0,"1,368,707","10,627,324","$10,813,186",0.0,0,0.0,0
446,"Lewiston, ME","59,397","287,844","23,483","50,381","347,641","$1,943,241",0.0,0,0,$0,"287,844","50,381","$1,943,241",0.0,0,0.0,0
447,"San Luis Obispo, CA","59,219","887,668","60,567","5,925,815","1,219,326","$6,253,223",0.0,0,0,$0,"887,668","5,925,815","$6,253,223",0.0,0,0.0,0
448,"Pittsfield, MA","59,124","928,219","56,762","3,771,550","411,371","$4,581,654",0.0,0,0,$0,"928,219","3,771,550","$4,581,654",0.0,0,0.0,0
449,"Morristown, TN","59,036","248,199","15,386",0,"29,298","$627,907",0.0,0,0,$0,"248,199",0,"$627,907",0.0,0,0.0,0
450,"Midland, MI","59,014","531,742","32,196","72,115","119,327","$2,321,971",0.0,0,0,$0,"531,742","72,115","$2,321,971",0.0,0,0.0,0
451,"Lexington Park-California-Chesapeake Ranch Estates, MD","58,875","730,949","34,535",0,"235,906","$1,642,066",0.0,0,0,$0,"730,949",0,"$1,642,066",0.0,0,0.0,0
452,"Jefferson City, MO","58,533","492,928","32,210",0,"282,025","$2,262,555",0.0,0,0,$0,"492,928",0,"$2,262,555",0.0,0,0.0,0
453,"Middletown, NY","58,381","64,345","6,179",0,"14,341","$502,799",0.0,0,0,$0,"64,345",0,"$502,799",0.0,0,0.0,0
454,"Carson City, NV","58,079","366,962","26,428","450,784","238,079","$1,685,184",0.0,0,0,$0,"366,962","450,784","$1,685,184",0.0,0,0.0,0
455,"Watertown, NY","57,840","138,698","12,986",0,"116,060","$1,003,893",0.0,0,0,$0,"138,698",0,"$1,003,893",0.0,0,0.0,0
456,"Mankato, MN","57,584","369,561","31,858",0,"676,882","$2,865,067",0.0,0,0,$0,"369,561",0,"$2,865,067",0.0,0,0.0,0
457,"Kingston, NY","57,442","554,734","37,259","1,402,137","219,378","$3,214,561",0.0,0,0,$0,"554,734","1,402,137","$3,214,561",0.0,0,0.0,0
458,"Daphne-Fairhope, AL","57,383","57,757","3,141","261,804","25,498","$243,079",0.0,0,0,$0,"57,757","261,804","$243,079",0.0,0,0.0,0
459,"Albany, OR","56,997","235,114","16,118",0,"146,999","$1,432,512",0.0,0,0,$0,"235,114",0,"$1,432,512",0.0,0,0.0,0
460,"Hazleton, PA","56,827","423,262","31,748",0,"203,701","$2,348,542",0.0,0,0,$0,"423,262",0,"$2,348,542",0.0,0,0.0,0
461,"Staunton-Waynesboro, VA","56,611","319,476","21,240",0,"212,673","$878,025",0.0,0,0,$0,"319,476",0,"$878,025",0.0,0,0.0,0
462,"Williamsport, PA","56,142","875,694","57,843","6,441,206","1,293,028","$7,381,315",0.0,0,0,$0,"875,694","6,441,206","$7,381,315",0.0,0,0.0,0
463,"Kahului, HI","55,934","2,309,398","139,890","16,562,185","1,685,560","$14,274,444",0.0,0,0,$0,"2,309,398","16,562,185","$14,274,444",0.0,0,0.0,0
464,"Walla Walla, WA-OR","55,805","577,620","45,189",0,"737,348","$5,511,058",0.0,0,0,$0,"577,620",0,"$5,511,058",0.0,0,0.0,0
465,"Woodland, CA","55,513","613,074","31,765","3,550,748","332,025","$3,588,549",0.0,0,0,$0,"613,074","3,550,748","$3,588,549",0.0,0,0.0,0
466,"Hot Springs, AR","55,121","201,969","14,471",0,"163,416","$1,100,780",0.0,0,0,$0,"201,969",0,"$1,100,780",0.0,0,0.0,0
467,"Columbus, IN","54,933","342,321","30,376",0,"244,054","$1,757,379",0.0,0,0,$0,"342,321",0,"$1,757,379",0.0,0,0.0,0
468,"Fond du Lac, WI","54,901","358,153","30,104",0,"207,410","$1,805,328",0.0,0,0,$0,"358,153",0,"$1,805,328",0.0,0,0.0,0
469,"Manhattan, KS","54,622","485,015","35,664",0,"202,718","$1,489,553",0.0,0,0,$0,"485,015",0,"$1,489,553",0.0,0,0.0,0
470,"Titusville, FL","54,386","451,208","24,748","2,168,012","291,528","$1,910,478",0.0,0,0,$0,"451,208","2,168,012","$1,910,478",0.0,0,0.0,0
471,"Delano, CA","54,372","158,670","16,084","46,795","101,364","$1,590,965",0.0,0,0,$0,"158,670","46,795","$1,590,965",0.0,0,0.0,0
472,"East Stroudsburg, PA-NJ","54,316","847,300","43,656","1,960,297","176,733","$3,210,415",0.0,0,0,$0,"847,300","1,960,297","$3,210,415",0.0,0,0.0,0
473,"Ithaca, NY","53,661","1,652,093","128,049","9,742,029","3,407,375","$12,520,361",0.0,0,0,$0,"1,652,093","9,742,029","$12,520,361",0.0,0,0.0,0
474,"Bloomsburg-Berwick, PA","53,618","429,673","22,839","506,289","35,169","$813,178",0.0,0,0,$0,"429,673","506,289","$813,178",0.0,0,0.0,0
475,"Pine Bluff, AR","53,495","224,530","16,348",0,"82,079","$962,635",0.0,0,0,$0,"224,530",0,"$962,635",0.0,0,0.0,0
477,"Farmington, NM","53,049","315,460","20,456",0,"117,658","$1,370,702",0.0,0,0,$0,"315,460",0,"$1,370,702",0.0,0,0.0,0
478,"Cape Girardeau, MO-IL","52,900","915,545","57,057",0,"458,055","$1,900,781",0.0,0,0,$0,"915,545",0,"$1,900,781",0.0,0,0.0,0
479,"San Marcos, TX","52,826","1,120,310","88,978","5,652,555","2,794,315","$5,749,057",0.0,0,0,$0,"1,120,310","5,652,555","$5,749,057",0.0,0,0.0,0
480,"Sierra Vista, AZ","52,745","171,030","12,485",0,"146,606","$960,944",0.0,0,0,$0,"171,030",0,"$960,944",0.0,0,0.0,0
481,"Cartersville, GA","52,477","5,034",132,"28,994",731,"$2,132",0.0,0,0,$0,"5,034","28,994","$2,132",0.0,0,0.0,0
482,"Arroyo Grande-Grover Beach, CA","52,000","645,077","31,058","4,003,830","363,161","$3,734,719",0.0,0,0,$0,"645,077","4,003,830","$3,734,719",0.0,0,0.0,0
483,"Lewiston, ID-WA","51,924","443,179","25,843",0,"160,064","$2,075,611",0.0,0,0,$0,"443,179",0,"$2,075,611",0.0,0,0.0,0
484,"Cumberland, MD-WV-PA","51,899","277,848","21,711",0,"116,439","$1,764,936",0.0,0,0,$0,"277,848",0,"$1,764,936",0.0,0,0.0,0
485,"Lompoc, CA","51,509","375,008","23,029","424,493","178,527","$2,328,855",0.0,0,0,$0,"375,008","424,493","$2,328,855",0.0,0,0.0,0
486,"Hinesville, GA","51,456","91,735","8,631",0,"18,317","$703,262",0.0,0,0,$0,"91,735",0,"$703,262",0.0,0,0.0,0
487,"Uniontown-Connellsville, PA","51,370","1,257,994","61,961","2,765,889","230,208","$3,698,807",0.0,0,0,$0,"1,257,994","2,765,889","$3,698,807",0.0,0,0.0,0
489,"Villas, NJ","51,291","528,725","39,126",0,"102,871","$3,778,659",0.0,0,0,$0,"528,725",0,"$3,778,659",0.0,0,0.0,0
490,"Monroe, MI","51,240","424,367","31,786","1,208,750","317,228","$2,419,595",0.0,0,0,$0,"424,367","1,208,750","$2,419,595",0.0,0,0.0,0
492,"Danville, IL-IN","50,996","630,146","28,122",0,"589,942","$2,645,410",0.0,0,0,$0,"630,146",0,"$2,645,410",0.0,0,0.0,0
494,"Grants Pass, OR","50,520","261,540","17,798",0,"189,945","$1,152,469",0.0,0,0,$0,"261,540",0,"$1,152,469",0.0,0,0.0,0
495,"New Bern, NC","50,503","269,558","18,435",0,"33,736","$536,187",0.0,0,0,$0,"269,558",0,"$536,187",0.0,0,0.0,0
496,"Grand Island, NE","50,440","156,739","15,086",0,"37,087","$597,090",0.0,0,0,$0,"156,739",0,"$597,090",0.0,0,0.0,0
497,"Pascagoula, MS","50,428","54,569","1,598","328,717","8,702","$70,987",0.0,0,0,$0,"54,569","328,717","$70,987",0.0,0,0.0,0
600,"Virgin Islands, VI","106,405","514,277","43,831",0,"327,899","$4,024,969",0.0,0,0,$0,"514,277",0,"$4,024,969",0.0,0,0.0,0
601,"Lake Tahoe, CA-NV","210,000","1,050,227","64,177","3,795,007","879,112","$8,139,165",0.0,0,0,$0,"1,050,227","3,795,007","$8,139,165",0.0,0,0.0,0
602,"Galveston, TX","54,770","556,126","46,465",0,"459,709","$3,192,201",0.0,0,0,$0,"556,126",0,"$3,192,201",0.0,0,0.0,0