City,Population,Public Transportation Rate
ABAC,25590.0,0.34647033347769596
Aberdeen,31027.0,0.36221127011460125
Aberdeen Township,30709.0,11.924538020732728
Abilene,57336.0,0.8020122056596677
Abingdon,29587.0,1.9810023747031622
Acworth,91872.0,0.31323545761741367
Adair Village,41976.0,2.9810438847052714
Addison,39709.0,3.6322171542996995
Adelaide,44288.0,1.475782648666957
Adelphi,49006.0,19.69913777288571
Adrian,41793.0,0.3702332469455757
Agua Dulce,35826.0,1.567561314206386
Aguada,40859.0,0.4958975746100442
Aguadilla Pueblo,53162.0,0.837138508371385
Aguas Buenas,28739.0,2.7913361805979258
Aibonito,25090.0,0.22071307300509338
Aiea,38526.0,5.597248280175109
Aiken,37074.0,0.17722640673460346
Akron,31769.0,1.0296870821075155
Alafaya,152601.0,1.5171165753096947
Alameda,62571.0,16.104784333967803
Alamo,38269.0,0.0
Alamogordo,36807.0,0.06920894179527995
Albany,87895.0,1.11158672427205
Albemarle,26433.0,0.3311884935654807
Albuquerque,509222.0,2.185756365888694
Alexandria,232360.0,16.375179961599674
Algood,37919.0,0.06995230524642289
Alhambra,84378.0,3.52272964619308
Alice,27738.0,0.0
Aliquippa,32188.0,1.5934627170582227
Allen,33889.0,1.6633520159103237
Allen Park,27814.0,0.12599417276950942
Allentown,139658.0,3.8786197924848644
Alliance,34796.0,0.29488169627185284
Aloma,50142.0,1.974850198328973
Alpha,29610.0,1.7226017226017225
Alpharetta,163810.0,0.966486237962544
Alta Loma,40822.0,1.4682147133857448
Altadena,37481.0,3.5742607907556363
Altamonte Springs,34729.0,0.07621057568296401
Alton,69525.0,1.0662093647479869
Altoona,63235.0,0.5949014088507345
Alvin,46333.0,0.0
Amarillo,107418.0,1.2607118740076633
American Canyon,30811.0,2.0982514571190674
Ames,58891.0,8.730485151847507
Amity Harbor,27423.0,9.861411519666747
Amsterdam,28926.0,1.1935782129948727
Anaheim,340373.0,4.6040477653225205
Anchorage,116055.0,2.6550475002115688
Anderson,68608.0,0.6310434414083251
Andover,81152.0,3.868384426191798
Ankeny,29895.0,0.11581128855296842
Ann Arbor,154741.0,8.632630501436019
Annandale,59872.0,8.73397435897436
Annapolis,37482.0,4.884011234786227
Antioch,192199.0,4.921590842734804
Apache Junction,28038.0,0.340560790101033
Apex,33385.0,0.38812921717322507
Apopka,90983.0,0.8965690619034633
Apple Valley,78157.0,0.9459485648200786
Appleton,73337.0,0.2607344248291153
Arcadia,97536.0,6.565715034506009
Arcola,31353.0,0.2836343008414484
Ardmore,35838.0,0.8377511617252438
Arecibo,66251.0,0.6873897439016972
Arlington,480360.0,6.77107457962449
Arlington Heights,80684.0,6.488465392325531
Arnold,36306.0,0.33092493519386684
Arroyo Grande,30076.0,0.7622420696027102
Artesia,50069.0,2.6363838788688487
Arvada,36680.0,2.4088576829597623
Ashburn,94148.0,4.297147901964497
Asheboro,33353.0,0.08265032026999104
Asheville,70385.0,1.062501036034249
Ashland,32347.0,0.2197179105535474
Ashtabula,32956.0,0.9495641344956414
Ashwaubenon,42463.0,0.34198166978249966
Aspen Hill,68733.0,18.72838752796908
Atascadero,31899.0,1.3894678338196471
Atascocita,57329.0,1.1089296102385107
Athens,166135.0,1.6741192677128578
Atlanta,461976.0,11.9031662837246
Atlantic City,39521.0,27.67942257932725
Atwater,38007.0,0.5113935474167105
Auburn,138544.0,3.4617362906642386
Auburndale,29351.0,0.11557610241820768
Audubon,45307.0,2.482531140141487
Augusta,177176.0,0.7548154859540231
Aurora,475607.0,4.900933703712899
Austell,26365.0,2.8593376579037213
Austin,725220.0,5.560267598400694
Aventura,32103.0,2.25888520545833
Avon,32558.0,0.0
Avon Park,25848.0,4.672372667321453
Avondale,76557.0,0.8109117423026697
Azalea Park,32410.0,2.875567546226229
Añasco,28805.0,0.0
BAYVIEW GARDE,25495.0,0.9283050145047659
BETHEL,44765.0,1.5735074818738108
BRECKNRDG HLS,35589.0,1.8002257336343115
BROOKSIDE VL,44451.0,0.18468468468468469
BRWNSBORO VLG,30237.0,0.8858581352367599
BVL,38996.0,1.1777037859168824
Bakersfield,458006.0,1.4720419371317444
Baldwin,33430.0,17.74404280470354
Baldwin Hills,33012.0,13.84785528082787
Baldwin Park,77692.0,4.5270484024043025
Baltimore,784822.0,13.502715651995027
Banning,32793.0,1.2806620037434735
Bardstown,29228.0,0.0
Barranquitas,30462.0,0.5776921937490742
Barstow,32831.0,2.1404399323181047
Bartlesville,26111.0,0.18421052631578946
Bartow,26273.0,0.20202020202020202
Basking Ridge,26955.0,5.81538209517569
Bastrop,25444.0,0.6515944318294007
Batavia,62340.0,1.7503566470245158
Batesville,25349.0,0.21769995267392334
Baton Rouge,261135.0,2.149101191228257
Battle Creek,26055.0,0.5088421755088421
Battle Ground,34840.0,0.32462848073871015
Bay City,67396.0,0.6899732843831619
Bay Shore,65865.0,8.66397256918932
Bayamón,200942.0,4.6307217403879015
Bayonne,64763.0,23.11662198391421
Bayside,29496.0,1.3710012463647694
Baytown,53091.0,0.5730932709298439
Beach Park,26374.0,2.471963354920234
Bear,40797.0,2.2048911996918927
Bear Creek Village,40814.0,1.8699704741504082
Beaumont,75045.0,0.6541817826699574
Beaver Falls,28232.0,1.369424201169216
Beavercreek,40104.0,0.30859095167245276
Beaverton,125393.0,8.576297543707382
Beckley,34021.0,0.0
Bedford,34998.0,0.36639356775736603
Beeville,28186.0,0.0
Bel Air,63138.0,1.212495230745168
Bell Gardens,130178.0,6.861791595095485
Belle Isle,63183.0,6.088887550474867
Belleair,30624.0,2.616609783845279
Bellerose,27156.0,20.27197740952664
Belleville,109938.0,3.774615094997705
Bellevue,196425.0,6.47892843374576
Bellflower,77455.0,4.60228867200898
Bellingham,119999.0,3.8679635473367777
Bellmead,29392.0,0.2789753994420492
Bellmore,35151.0,12.516958650386362
Bellview,36203.0,0.28463585174184763
Belmont,51789.0,10.038910747130167
Beloit,48760.0,0.6003679674639295
Belvedere,31655.0,0.08581235697940504
Belvidere,34786.0,0.11734793663211422
Bemidji,33463.0,1.0489068621256161
Benbrook,72279.0,1.2090541545498192
Bend,103048.0,0.6585996845727123
Benicia,27515.0,4.582086115588303
Benjamin,39533.0,1.305252537991046
Benton,26291.0,0.2012072434607646
Benton Harbor,31799.0,1.212455221824194
Bentonville,44755.0,0.10706139738397803
Berenda,40101.0,0.33507363827631886
Bergenfield,27157.0,12.656677712145225
Berkeley,26334.0,22.885519008970526
Berwyn Heights,29017.0,14.787342633548826
Bessemer,52009.0,0.7304935360673382
Bethel Park,29744.0,11.26930018046922
Bethesda,28154.0,20.698561062599925
Bethlehem,65192.0,3.8532967400605638
Beverly,40370.0,5.984237104157818
Bexley,27934.0,2.449536671216148
Big Spring,34470.0,0.17468635858345244
Billerica,31157.0,2.8704422032583397
Billings,118850.0,1.0487163506808754
Biloxi,34311.0,0.8876094518411899
Biltmore Lake,25851.0,0.33958891867739055
Binghamton,27543.0,9.290953545232274
Birmingham,143348.0,1.1941602930949753
Biscayne Park,54772.0,13.146067415730338
Bismarck,82709.0,0.1609831788900704
Blackfoot,27332.0,3.5748539541372395
Blacksburg,54145.0,7.823674743184084
Blackwood,40616.0,3.154089918795801
Blaine,54315.0,3.473209365655597
Bloomfield,47624.0,16.42128639578878
Bloomington,203906.0,3.3553312874688728
Bloomsburg,31035.0,0.9055346276441611
Blue Island,25679.0,10.164410058027078
Blue Springs,25481.0,0.3607614369051274
Bluffdale,40135.0,1.666220198231985
Bluffton,35719.0,0.31963214265687206
Boca Raton,83033.0,1.6545112981598111
Boise,180848.0,0.5741044694902081
Bolingbrook,53762.0,2.708592777085928
Bonita Springs,39473.0,3.3430726370863626
Bonney Lake,45890.0,2.31841329402305
Boone,34151.0,2.420968387354942
Bossier City,72989.0,0.31451879521892867
Boston,442696.0,34.48552701593437
Bothell,59380.0,6.7115867095776185
Boulder,54474.0,6.109939462058017
Bountiful,45689.0,2.958431529860101
Bourbonnais,29196.0,1.1712256309505817
Bowie,54753.0,10.129696015616888
Bowling Green,63511.0,0.40740651903985736
Boynton Beach,79710.0,1.4637675330408226
Bozeman,60703.0,0.8712868056623738
Bradenton,166811.0,0.7835933701343059
Braintree,36543.0,13.457771005659556
Brandon,154213.0,0.14715640287966147
Branford,27871.0,3.833067148114714
Brawley,26818.0,0.8500167766469076
Brea,37580.0,1.7849415837299871
Bremerton,58011.0,4.729595300888007
Brenham,29033.0,0.37897511945954854
Brentwood,285867.0,3.416908364391246
Briarwood,54523.0,62.71525215252152
Brick Township,43100.0,2.0048115477145148
Bridgeboro,33874.0,1.3257407242637245
Bridgeport,79122.0,10.994604237008618
Bridgeton,46620.0,1.0573210573210574
Bridgewater,26931.0,4.143980641258318
Bridgewater Township,38242.0,3.416083174199024
Brighton,62320.0,0.6544580791517874
Bristol,98502.0,0.6589093653500749
Bristow,31367.0,5.95437876810243
Brockton,94267.0,6.261618391475281
Broken Arrow,121674.0,0.24802976034174598
Brookline,28796.0,28.770628118203916
Brooklyn,2480847.0,61.84045971911564
Brooklyn Center,89531.0,5.398139388534704
Brooklyn Park,33091.0,14.408886127077832
Brooks,39617.0,2.997967479674797
Brown Deer,28984.0,3.59671709044094
Brownsburg,34063.0,0.0
Brownsville,198986.0,0.8949308571722215
Brunswick,72733.0,0.6957149076714628
Bryan,29528.0,1.0152732409287544
Buckeye,53868.0,0.14515292897874546
Buechel,30193.0,2.6596491228070174
Buena Park,81470.0,3.6221102488940438
Buffalo,28593.0,2.5246520735715783
Buffalo Grove,41584.0,5.526036131774708
Buford,42073.0,0.7910529187124932
Bull Valley,32253.0,2.059554932092074
Bullhead City,33108.0,0.4622496147919877
Burbank,85764.0,4.180957073498898
Burleson,62853.0,0.8736647764736911
Burlington,181072.0,2.6156372161708785
Burnsville,44656.0,4.3866201859229745
Butler,39554.0,1.1368727598566308
Butte,33406.0,0.19528707199583387
Butte La Rose,26369.0,0.6115394841797395
CANAL WNCHSTR,35252.0,0.20418878711860453
CARLISLE BRKS,35010.0,0.9271836059764956
CARNES CROSSROADS,67946.0,0.5888351590512846
CARPENTERSVLE,39204.0,1.6095591444783937
CHRISTIANSBRG,30109.0,0.4826254826254826
CONCORD FARR,34137.0,0.32592592592592595
CORNWALL Borough,36945.0,0.6319939699657912
CORP CHRISTI,200754.0,1.4874336634974412
CRYSTAL CITY,50222.0,7.31785944551902
Cabo Rojo,44117.0,0.4924311508298377
Cabot,36621.0,0.0
Caguas,145188.0,1.57845153949753
Cajah's Mountain,46474.0,0.08433125316242199
Calabasas,26439.0,0.6869633099141296
Caldwell,40460.0,0.6828904891979141
Calexico,39675.0,2.0403245240581573
Calhoun,39738.0,0.005939653124257543
Callaway,37514.0,0.17452006980802792
Callisburg,26968.0,0.14216424151195853
Calumet City,37463.0,10.29541595925297
Calverton,26658.0,9.026028547439127
Camarillo,43234.0,1.3090298360007904
Camas,28944.0,1.466344278917401
Cambridge,72720.0,24.806807855747707
Camden,29300.0,11.027444763697613
Camp Hill,35165.0,1.007727975270479
Campbell,45495.0,3.21753986332574
Camuy,34438.0,0.0
Canandaigua,26862.0,2.0190866787601545
Cannon Air Force Base,46923.0,0.3292181069958848
Canoga Park,106941.0,6.4041010233632525
Canonsburg,36860.0,1.9694264673064048
Canton,245708.0,0.2900770872450688
Cantonment,27212.0,0.0
Canyon Lake,62287.0,0.11266415519487379
Canóvanas,54198.0,2.588895820336868
Cape Coral,99262.0,0.5639132912396744
Cape Girardeau,36782.0,0.468358566604945
Carbondale,27557.0,1.7804967129291454
Carlsbad,61258.0,1.9320832347387686
Carmel,79461.0,0.33946750209773235
Carmichael,60729.0,2.907241222447376
Carol City,81023.0,5.374138444421081
Carol Stream,42614.0,3.066254490767817
Carolina,136053.0,3.7255031484699153
Carrollton,135403.0,0.886362065605006
Carson City,26264.0,0.009079353550027237
Cary,119102.0,1.0080601540836402
Casper,27857.0,1.1036468330134357
Casselberry,35490.0,1.2733446519524618
Castaic,28949.0,2.138203175185831
Castle Rock,28558.0,0.560659281275331
Castro Valley,43448.0,8.20425702008594
Cathedral City,52534.0,3.2617232617232617
Cave Creek,27396.0,0.9926854754440961
Cayey,51116.0,0.7436452136289886
Cañon City,30211.0,0.5181906509770053
Cedar Falls,42766.0,0.3031234898739182
Cedar Hill,46818.0,0.3047471885998798
Cedar Park,70764.0,0.7342229473806887
Cedar Rapids,78716.0,1.5267602480026798
Cedartown,25373.0,0.46266408435549816
Center Point,46911.0,0.31386395959001523
Centerville,52929.0,0.5502731861230374
Central Islip,37181.0,4.8847767369691395
Central LA,284679.0,17.616001877134025
Central Oklahoma City,57611.0,0.8622381547482506
Central Point,28282.0,1.4090520922288643
Central Southwest,33820.0,5.094456488076804
Centreville,29932.0,4.601498436670403
Ceres,42470.0,1.4621541564252851
Chambersburg,55856.0,0.17371641931167095
Champaign,66849.0,8.027145951363403
Chandler,264978.0,1.0161718250012055
Channelview,30475.0,0.7406227602134268
Chapel Hill,71266.0,9.132475671389667
Charleston,159459.0,1.628536251698406
Charlotte,739230.0,3.9777137666868647
Charlottesville,32396.0,3.5147247119078107
Chaska,25954.0,2.032520325203252
Chatsworth,71280.0,1.7867992267329467
Chattanooga,47397.0,0.46858264905390934
Cheektowaga,73014.0,8.354964865436624
Chelsea,62901.0,12.832678025309283
Cherry Hill,30574.0,8.297673174645627
Chesapeake,186931.0,0.344176611591349
Cheshire,29233.0,1.315511783327471
Chester,34048.0,0.22158342316445084
Chesterbrook,32659.0,7.6145261730069675
Chesterfield,32647.0,0.14794723215386513
Cheyenne,32664.0,0.47633403678022307
Chicago,2309901.0,26.096482373554302
Chicago Heights,58923.0,6.708440840398083
Chico,74357.0,1.7867328526207817
Chicopee,30593.0,1.058091286307054
Chillicothe,56910.0,0.3970393608156463
Chino Hills,76187.0,1.5918041364875657
Chiriaco Summit,63915.0,1.6752094011751468
Choctaw Beach,31221.0,0.2582781456953642
Christiana,52515.0,3.7098134095824626
Chula Vista,231452.0,2.567263262402122
Cidra,38424.0,0.9855888686433659
Cincinnati,137777.0,2.6649419582853793
Citrus Heights,85046.0,2.0696583316714707
City of Industry,159885.0,3.089463558210842
City of Orange,30202.0,23.170931758530184
Claremont,36484.0,3.9068514241724404
Claremore,27807.0,0.08252867871585376
Clarksville,160386.0,0.9353746883286066
Clayton,39804.0,0.21576596919062674
Clear Lake City,25760.0,0.943683409436834
Clearfield,63074.0,1.9381472152253008
Clearwater,25459.0,1.1907888976446896
Clemmons,25703.0,0.0966183574879227
Clermont,54626.0,0.6139415902792582
Cleveland,492697.0,6.041807277804312
Clifton,67137.0,9.538532090396018
Clifton Park,42249.0,0.6918098638696719
Clinton,146106.0,3.405121751398531
Clinton Township,76588.0,1.5094930736599106
Clodine,38364.0,0.16898337421640774
Clovis,113820.0,0.3376171277809438
Coachella,43037.0,1.1909262759924386
Coamo,39871.0,0.3362600410984495
Cockeysville,25321.0,3.630582667849749
Coeur d'Alene,57152.0,0.5060576786722469
Cohasset,33511.0,0.7516796381294486
College Park,70414.0,7.098419173890872
College Station,109890.0,4.194793646722892
Collegedale,35209.0,0.0
Collinsville,32498.0,0.7649837025211202
Colma,48536.0,23.223825851208037
Colonial Promenade Parkway,27001.0,0.10718113612004287
Colorado Springs,402015.0,0.879657322520217
Colton,58013.0,1.7540703427183593
Columbia,544362.0,1.625875599624905
Columbus,542494.0,2.2927443122744293
Commack,28646.0,6.4098750743604995
Compton,32362.0,6.005267778753292
Concord,281495.0,6.427503708292839
Conroe,31796.0,0.5473084420452842
Converse,36915.0,1.3966956225515244
Conway,120262.0,0.223045040215762
Conyers,84689.0,1.792202616544319
Cookeville,27112.0,0.21673891297099032
Coppell,40021.0,0.6677555726364335
Copperas Cove,36479.0,0.16922676386357718
Coram,29987.0,6.074456809750927
Corbin,28250.0,0.926986772211228
Corcoran,25204.0,0.2517162471395881
Cordova,81267.0,0.1747960712502081
Corinth,71855.0,0.6975074366601702
Cornelius,25223.0,3.2629406160685934
Corona,355171.0,12.248869207824072
Corozal,35856.0,0.9792213995700979
Corpus Christi,35390.0,0.44262662483191395
Corsicana,28247.0,0.06920415224913495
Cortland,30009.0,1.1700524011198048
Costa Mesa,112381.0,2.8246322959473478
Cottage Grove,34764.0,2.242547798776792
Council Bluffs,72228.0,0.8727737391478729
Coventry,32707.0,0.499383477188656
Covina,61757.0,4.157930915887419
Covington,214334.0,1.7012693372999397
Cow Island,25850.0,0.0
Cranberry Township,28976.0,1.3435574780443047
Cranston,38678.0,2.3378630772203257
Crawfordsville,27929.0,0.12231917149147843
Crawfordville,27611.0,0.0966268446943078
Creedmoor,26991.0,0.23187509661462358
Cresaptown,43546.0,0.6181998021760633
Creston,49792.0,0.4357298474945534
Crestview,25842.0,2.2788070940255625
Crofton,26158.0,4.91120218579235
Crosby,28394.0,0.32701660238135166
Culver City,33090.0,4.397532059037019
Cumberland,61702.0,2.836977970425459
Cumming,115979.0,0.6460867505000363
Cuyahoga Falls,67988.0,0.646490614174662
Cypress,213918.0,1.297986092247052
Cypress Gardens,29765.0,0.44473727557239334
DEVORE HGHTS,60118.0,1.1839956450734894
DORCHESTR CTR,51544.0,36.231632031997215
DW GDNS,30505.0,0.40772675623287213
Dacula,43422.0,0.5405681064817176
Dahlonega,25932.0,0.13276906480789977
Dallas,955285.0,4.0668500031020445
Dalton,81340.0,0.5252899069126655
Daly City,62941.0,17.431051465156365
Danbury,82703.0,3.5987493302586993
Daniels,42784.0,2.37117903930131
Danvers,26963.0,2.2897434033582904
Danville,129375.0,2.8127500822390035
Daphne,31326.0,0.0
Davenport,54979.0,0.3451628607933559
Davis,75328.0,6.086499853411683
Davison,32057.0,0.2984406476162053
Dawsonville,27856.0,0.11110161524656012
Day Heights,31825.0,0.6160585940173865
Dayton,84625.0,3.4444129333629783
Daytona Beach,32005.0,4.88941692560775
DeKalb,46492.0,5.077886018165561
DeLand,63341.0,0.6462080662805659
DeRidder,25294.0,0.4056795131845842
DeSoto,50619.0,1.8331305843365913
Dearborn,78515.0,0.7716948372576816
Dearborn Heights,37007.0,0.9840367373715285
Decatur,247332.0,5.672668009897597
Dedham,25111.0,7.769607843137255
Deer Park,59369.0,3.8140544604806186
Deer Valley,36244.0,1.550751879699248
Deerfield Beach,55948.0,1.4480995602895415
Defiance,27986.0,0.4162739553879987
Del Sur,71313.0,0.9812767877284007
Delano,56028.0,0.5624629958555358
Delaware,50809.0,0.356
Dellwood,38611.0,1.4242115971515767
Delran,29316.0,2.6911153617835235
Delray Beach,30276.0,4.022781342368972
Deltona,89373.0,0.3774580728316071
Denham Springs,53882.0,0.2625414007593505
Denton,52300.0,2.3869624137465486
Denver,816223.0,5.569198246807984
Derby,27928.0,0.22363547417709134
Des Moines,66776.0,1.6864814924483358
Des Plaines,90396.0,5.870039989200029
Desert Hot Springs,35878.0,2.5708418891170433
Detroit,589344.0,8.710817577875309
Diamond Bar,47562.0,2.781743456629894
Dickson,27537.0,0.8968609865470852
Dinuba,29628.0,0.13885031935573452
District Heights,37597.0,21.076138931217486
Dockweiler,43779.0,17.65439429928741
Dodge City,30736.0,0.41628448458336276
Donna,38464.0,0.0
Dorado,38305.0,1.2058281694858484
Dothan,67739.0,0.47798481485605204
Douglasville,106367.0,1.2134931831441937
Dover,151459.0,2.770350866765591
Downers Grove,88909.0,8.836849724457602
Downey,113082.0,2.604329211573362
Dracut,30315.0,1.0677694111838045
Draper,43694.0,2.3640661938534278
Drexel Hill,31198.0,8.612350021986305
Dublin,149673.0,2.670545407926666
Dubuque,43674.0,1.3693021563097079
Duluth,139488.0,1.1129987095205154
Dundalk,55043.0,4.121662490279098
Dunedin,38220.0,1.3469985358711567
Dunn,25130.0,0.14291158536585366
Dunwoody,68880.0,5.292621760819528
Durango,29280.0,3.168342864655229
Durham,227401.0,3.4238240955395014
Dyersburg,27514.0,0.0
E ATLANTC BCH,37599.0,19.173650933686222
E RNCHO DMNGZ,53657.0,6.627432267642225
EAST GRAND RA,33230.0,4.428497543315231
ELEVEN MILE,53558.0,0.13432527381690432
Eagle Mountain,53583.0,2.1539650342895778
Eagle Pass,54447.0,0.5485033693778405
Eagle River,27955.0,0.490814752489132
Eagle Rock,28439.0,5.713058419243986
Easley,30544.0,0.07750736319950395
East Arlington,34768.0,0.08093343225197275
East Bronx,141898.0,49.91279428619398
East Brunswick,46670.0,12.604781123874574
East Chicago,29387.0,3.134864482420812
East Elmhurst,76133.0,54.19041422034333
East Flatbush,77011.0,63.13052522100884
East Gull Lake,29469.0,0.5200980756371202
East Haven,69278.0,5.579310091025537
East Lansdowne,27941.0,19.487485101311083
East Lansing,50081.0,5.217249531262738
East Liberty,29196.0,24.131104267487903
East Meadow,37513.0,10.062379758642804
East Norriton,42003.0,9.381289024201456
East Northport,28969.0,8.238412493731643
East Orange,64673.0,23.126155591115072
East Patchogue,45262.0,4.752447155624911
East Point,32963.0,18.960960507437893
East Rockland Key,33674.0,3.546904568802379
East Wenatchee,28672.0,0.6291238299831211
East Yaphank,27115.0,3.4945235079353254
Eastpointe,32481.0,1.0134612409097943
Eau Claire,82876.0,1.2138718451202717
Eddington,55527.0,3.975189335526541
Eden Prairie,30143.0,2.208542235197055
Edgemoor,25635.0,3.31466277909921
Edgewood,25027.0,3.615711436746727
Edinburg,144215.0,0.36125444648938027
Edison,84486.0,13.94478706930966
Edmond,119677.0,0.33467614396287976
Edmonds,36173.0,9.349766255843605
Edwardsville,64839.0,1.6756599780989263
Egg Harbor Township,42802.0,1.6634522661523625
El Cajon,169516.0,2.605237060454401
El Centro,48615.0,1.0879737950397754
El Dorado,32328.0,0.0
El Dorado Hills,40603.0,1.660975750911511
El Mirage,65267.0,1.4830074023387967
El Monte,136848.0,6.054272674467064
El Paso,526344.0,1.8822761077910433
Eldersburg,39696.0,1.2569279493269991
Elgin,99208.0,2.307316067842517
Elizabeth,101986.0,11.393839383453033
Elizabeth City,40307.0,0.4424778761061947
Elizabethton,34438.0,0.06638147219353888
Elizabethtown,79021.0,0.7060746847865421
Elk Grove,169868.0,2.3914135756901596
Elk Grove Village,33830.0,3.821009918845807
Elkhart,74232.0,0.8358687264992494
Elkridge,28613.0,3.2565937963500353
Elkton,42316.0,0.4852137494254048
Ellensburg,30624.0,0.569516622766427
Ellenwood,38575.0,3.1073288169755333
Ellicott,40232.0,0.5679779983259596
Ellicott City,40585.0,2.129013312451057
Elmhurst,147536.0,40.84405465131023
Elsmere,41071.0,8.0424073677447
Empire City,28225.0,0.7539648149753011
Emporia,28727.0,0.0
Encinitas,49226.0,1.6939797911182815
Endicott,44585.0,1.9757349062485015
Enfield,44713.0,1.3704396632366698
Englewood,88221.0,8.077028596404142
Englishtown,43324.0,10.28046564173093
Enid,53734.0,0.49590530594565835
Ennis,26631.0,0.0
Enterprise,35635.0,0.07819627264433729
Ephrata,32804.0,0.43199136017279655
Erdenheim,30974.0,10.215361158757386
Erial,49132.0,6.488762837866873
Erie,53331.0,0.8221815916699007
Escondido,156607.0,1.5250518621751035
Essex,40187.0,5.804609854091774
Etiwanda,38009.0,2.2905982905982905
Etna,39171.0,0.17043460825104015
Eugene,169748.0,3.9324636920708875
Euharlee,37480.0,0.06507874528179097
Euless,63362.0,0.3695890575412096
Evans,97588.0,0.33015343223574767
Evanston,75282.0,21.65499028251459
Evansville,120306.0,1.5439348631246521
Everett,200935.0,9.758550871795235
Evergreen,39336.0,2.618390099212437
Evesham,45669.0,3.032031950444209
Ewa Beach,66440.0,8.298103635704795
FAIR OAKS,29052.0,0.015634771732332707
FAIRMOUNT HGT,38788.0,29.133134053805474
FERNANDINA,31636.0,0.3950695322376738
FORADA,25838.0,1.9641268900088942
FOX RV VLY GN,44416.0,6.896551724137931
FSTRVL TRVOSE,26234.0,4.045853000674309
Fair Lawn,32962.0,13.100831225153597
Fair Oaks,40767.0,3.262457393280312
Fairbanks,31658.0,1.5419152832752407
Fairburn,29804.0,4.693581622529192
Fairfax,156755.0,10.393980636295844
Fairfield,142163.0,5.42744593052254
Fairhope,30327.0,0.32656869605784933
Fairport,41414.0,1.0191387559808613
Fairview,35321.0,1.464688276125581
Fajardo,33835.0,1.2006681979536438
Fall River,56648.0,1.1627266660642859
Fallbrook,48335.0,0.5797101449275363
Falls Church,87125.0,14.019505875309841
Far North Dallas,85973.0,2.456319932454438
Far Rockaway,62577.0,42.41283848083744
Far West Side,54898.0,0.5433056976539072
Fargo,79935.0,0.9381420933421106
Faribault,29952.0,1.1313546870408464
Farmington,106784.0,1.178995996167226
Farmington Hills,26325.0,0.3274498841945532
Fayetteville,330708.0,1.2266008086135076
Federal Way,126776.0,7.518773579548713
Fenton,81277.0,0.24790009850505793
Festus,26720.0,0.26554737022443037
Findlay,54386.0,0.2554080724430169
Fishers,77661.0,0.22966016313285453
Fisherville,50360.0,0.048437878420925166
Fitchburg,40419.0,1.6953863257365203
Flagstaff,79212.0,2.436873232193366
Flemington,31020.0,3.327682551641866
Flint,115616.0,2.9194210107938323
Floral Park,44907.0,19.573048699132755
Florence,157250.0,0.4289633522806118
Florissant,90732.0,1.9934321147537926
Flower Mound,81246.0,0.608373137165862
Flowery Branch,34717.0,0.6136087484811664
Flushing,394703.0,31.83715308449079
Foley,25642.0,0.0
Folsom,73356.0,2.557640250163353
Fontana,228934.0,2.1223889681644796
Foraker,32957.0,0.7711909871244635
Ford,35351.0,0.4117647058823529
Forest Heights,30260.0,23.052486187845304
Forest Hills,69652.0,61.2601931640738
Fort Collins,162546.0,1.4596321404757016
Fort Dodge,27963.0,0.3442058678905098
Fort Lauderdale,404357.0,3.14387899396226
Fort Lee,36020.0,21.743546845124282
Fort Mill,54101.0,1.3368998555388814
Fort Myers,96184.0,1.0260105780347286
Fort Ritner,27755.0,0.9370251561708594
Fort Smith,26837.0,0.13550135501355012
Fort Stewart,41015.0,0.20639834881320948
Fort Walton Beach,35334.0,0.14629293697700274
Fort Washington,51460.0,12.973156386668677
Fort Wayne,142779.0,0.7879885118457145
Fort Worth,436361.0,0.9496419471392034
Foster City,35045.0,5.24841346978446
Fountain,28157.0,0.7380073800738007
Framingham,69960.0,3.9304666998265603
Frankfort,80508.0,3.623049102221351
Franklin,177400.0,2.2820430907777025
Franklin Square,25054.0,11.473480709422544
Frederick,107627.0,3.634949059322141
Fredericksburg,141353.0,3.8963752570397556
Freehold,56039.0,6.3905148950449275
Freemansburg,37229.0,1.3574934852433185
Freeport,74882.0,7.772789957441987
Fremont,252213.0,6.492614489896162
Fresno,478575.0,1.821014898322455
Friendswood,49979.0,1.3237113402061855
Frisco,134537.0,0.34707225085705473
Fullerton,113872.0,3.795959950460667
Fulton,25297.0,0.15771315919172005
Fuquay-Varina,42278.0,0.5820186858630725
GARDEN CITY P,40799.0,17.283501403472293
GILLEM ENCLAVE,27838.0,1.5816717791411044
GLMN HOT SPGS,31167.0,0.356718192627824
GOODLETTSVLLE,31058.0,1.0897178767214868
GRANT VLKRIA,31351.0,0.23876173225753333
Gahanna,54247.0,0.42088113502138347
Gainesville,206201.0,3.1803301852347516
Gaithersburg,34337.0,16.575312431484324
Galesburg,34802.0,0.9926304707474808
Gallatin,45012.0,0.38825286212045795
Galloway,56553.0,1.8966522318454364
Galt,30064.0,0.5523474767762993
Garden City,61308.0,0.3825949579228682
Garden City South,28155.0,22.23019861210816
Garden Grove,133598.0,3.385304402988183
Gardena,74825.0,5.8697917624613964
Garfield,31066.0,9.685471792311533
Garfield Heights,38741.0,13.662766226113309
Garland,232422.0,2.247962580557629
Garner,43809.0,0.7034657412184027
Garrison,57724.0,7.292003361561833
Gastonia,103941.0,0.5741584552091877
Geneva,29290.0,6.65014164305949
Georgetown,136279.0,0.2126284933463733
Germantown,84279.0,9.812259152395864
Gettysburg,28223.0,0.7628734901462174
Gibsonia,27319.0,0.7228387850467289
Gig Harbor,25605.0,2.131004366812227
Gilbert,226060.0,0.5976841515527168
Gilroy,59666.0,2.571214392803598
Glasgow,30517.0,0.23018491521522289
Glassell Park,46254.0,10.537564465920179
Glastonbury,28702.0,0.8315863032844165
Glen Allen,69294.0,0.6429646314479579
Glen Burnie,85943.0,2.339725837911538
Glen Cove,27691.0,7.5602409638554215
Glen Ellyn,38418.0,9.060183166157872
Glen Raven,40322.0,0.0
Glenarden,38682.0,13.448669822098907
Glendale,425343.0,10.19414127283136
Glendale Heights,35000.0,2.221595714688469
Glendora,52002.0,2.5565218763142776
Glens Falls,26477.0,0.45002368545712934
Glenview,39263.0,9.59023539668701
Glenville,27809.0,0.6375637563756376
Glenwood,25346.0,3.8713350412752634
Gloucester,29237.0,4.490912918391691
Glyndon,33512.0,5.039592760180995
Goldsboro,72146.0,0.8140410976105923
Gonzales,40679.0,0.2746683250414594
Goodyear,71583.0,0.22143489813994685
Goose Creek,57656.0,0.9187759187759188
Goshen,25116.0,0.0
Graham,28937.0,0.01611733419292449
Grand Blanc,48036.0,0.11036997936561255
Grand Forks,36448.0,1.068579742136156
Grand Haven,30147.0,0.5143327389932794
Grand Island,30953.0,1.4182058047493404
Grand Junction,29628.0,0.22140221402214022
Grand Prairie,173976.0,0.5742442685703769
Grand Rapids,258307.0,2.5208021079792635
Grandview,35928.0,2.8600100351229303
Grandville,27496.0,1.5327929255711128
Granger,29932.0,0.1600445341312365
Granite Quarry,26818.0,0.4941910872203919
Grants Pass,68170.0,0.35307243095749397
Grape Creek,27319.0,0.10117800101178001
Grapevine,76454.0,0.1305279632863744
Grass Valley,25223.0,0.3522677234698371
Great Falls,57891.0,0.7214941216918145
Greece,93041.0,0.8042506193957749
Greeley,50466.0,1.4262836552897609
Green Bay,123399.0,1.1312749070903858
Greenbelt,25405.0,14.448317564202888
Greeneville,26240.0,0.1254180602006689
Greenfield,38870.0,0.16719702281430343
Greensboro,234388.0,1.363267272068351
Greensburg,58187.0,0.883829199097985
Greenville,303079.0,0.7042188788878653
Greenwich,25066.0,17.2202486678508
Greenwood,160369.0,0.2772689029955534
Greer,79073.0,0.31374253413005715
Gresham,78512.0,6.0182165114283395
Gretna,39718.0,2.410648778953988
Griffin,36103.0,0.15399578537850542
Groesbeck,27579.0,1.9262479388397542
Grove City,59860.0,0.6960088766349484
Grovetown,34833.0,0.18015613531727498
Guadalupe,46117.0,3.26681020205366
Guayama,43251.0,1.0654337119308472
Guaynabo,72665.0,2.4643418102787082
Gulf Breeze,35265.0,0.25513303365326206
Gulfport,49448.0,0.21642984849910604
Gurabo,46569.0,1.7342482844666252
Gurnee,37920.0,2.7646906549314005
HALNDLE BCH,40327.0,5.715308435747525
HILLS DALES,29907.0,1.0001307360439273
HILLTOP MALL,60101.0,10.7004675157182
HOPEWELL,25936.0,3.5640453154717604
HUNTERS HLW,33626.0,0.46898449224612304
HUNTINGTN BCH,88481.0,0.7807829526515023
HUNTINGTN STA,68580.0,9.563276041348095
Hacienda Heights,55237.0,2.2007153376814643
Hackensack,43903.0,18.796217451709765
Hackettstown,29132.0,1.8339241887101172
Hadar,30496.0,0.1697686116700201
Hadley,57296.0,0.544329573934837
Hagerstown,94133.0,1.2935959824178984
Haines City,34001.0,0.16285248992885917
Hamburg,42837.0,0.6029164329781268
Hamilton,113047.0,0.39744643039909366
Hammond,26187.0,0.31960551547803856
Hampton,130960.0,2.413639069751952
Hanford,66316.0,0.6307692307692307
Hanover,50812.0,0.26309589256263255
Hanover Park,38377.0,3.5839585469854804
Hansen Hills,102367.0,6.131597975415763
Harbor City,27550.0,5.050584267900557
Harker Heights,27850.0,0.1931799092894339
Harlingen,51781.0,0.3139269406392694
Harrison,30185.0,0.18435395960243667
Harrisonburg,66891.0,2.2873901610940663
Harrisville,27847.0,1.6009557945041817
Hartford,123435.0,8.609619815006637
Hartselle,25681.0,0.0
Hartsville,31586.0,0.1086048454469507
Harvey,73884.0,0.7009316437815314
Hastings,55803.0,0.3129221640057896
Hatillo,41830.0,0.18202879364554028
Hattiesburg,85450.0,0.5648084905164714
Haverhill,26415.0,4.296875
Hawthorne,95223.0,7.272810805843977
Hayward,170182.0,7.724234242206948
Hazard,54353.0,12.789292685193791
Hazle Township,27681.0,2.2798597009414805
Heath,35767.0,0.05157297576070139
Heathrow,40167.0,0.26711017034573126
Helena,54833.0,0.5405658662683186
Helotes,27381.0,0.20463847203274216
Hemet,122894.0,1.4868278925796796
Henderson,303300.0,1.3209729693481627
Hendersonville,94854.0,0.41653177288457466
Hephzibah,40487.0,0.4517704517704518
Heritage Creek,39651.0,1.657239819004525
Hermiston,25584.0,0.6576543660942638
Hermitage,37971.0,2.0656136087484813
Hermon,44972.0,1.1681383370125091
Hernando,26207.0,0.13582342954159593
Herndon,120318.0,7.067937276532291
Herriman,35428.0,2.0550995737099957
Hesperia,81049.0,1.0619262486385561
Hialeah,252349.0,1.9554167425611801
Hickory,78302.0,0.2338315136934015
Hicksville,39805.0,10.203881591844736
Hidden Hills,25165.0,0.4898728214790391
High Point,47561.0,0.5888740394253258
Highland,103514.0,1.009287284984698
Highland Beach,30453.0,5.911552346570397
Highland Park,90871.0,10.553565234967191
Hightstown,27653.0,7.095567069660334
Hillcrest Heights,38525.0,24.833913318570072
Hilliard,58392.0,0.8539990146165216
Hillsboro,162022.0,7.46559269905917
Hillsborough,42223.0,11.307332603721022
Hillsborough Township,39365.0,3.5257032007759457
Hilo,47115.0,0.45492142266335817
Hilton Head Island,25176.0,0.01853052904660428
Hixson,40943.0,0.3478351157719863
Hobbs,37635.0,0.7004691215217531
Hoboken,51979.0,55.06953524307619
Hoffman Estates,34154.0,1.9765659220324134
Holbrook,28651.0,5.874381733179755
Holland,127577.0,2.107698385383396
Hollister,50625.0,0.7618265590073445
Holly Springs,31732.0,0.20314192849404117
Hollywood,72126.0,11.544402057503259
Holyoke,40079.0,2.9722889220585373
Homer Glen,35762.0,3.3296466616217475
Homestead,87260.0,5.5054826078132155
Honolulu,351910.0,11.085592394868398
Honolulu County,75350.0,12.710295206856417
Hope Mills,33385.0,0.1278409090909091
Hopkinsville,44276.0,0.42745481191988277
Horn Lake,26575.0,0.18676410881039382
Hot Springs National Park,30270.0,0.8774834437086093
Houma,83933.0,0.4210116247065816
Houston,1758164.0,2.7627164796825245
Howard Beach,28742.0,26.682009973149214
Howell,43858.0,0.3114667688916575
Howell Township,38217.0,3.6063538055569926
Hualapai,25705.0,0.0780814277746793
Huber Heights,50359.0,1.3587436033174518
Hublersburg,27934.0,0.870420829548895
Hudson,88877.0,0.6370044622063232
Hudsonville,34632.0,0.17189514396218306
Humacao,51757.0,0.3495037047392702
Humble,124563.0,1.9165770418741983
Huntersville,54616.0,1.3044257301558861
Huntington,70870.0,6.224271403325361
Huntington Beach,106364.0,1.4138735270026777
Huntington Park,76206.0,12.530816141170364
Huntley,27077.0,1.8209820619677477
Huntsville,149073.0,0.38094731416080624
Hurst,29449.0,0.5903187721369539
Hutto,25421.0,0.04067024564828372
IND HBR BCH,25512.0,0.41508434160558155
IND HEAD PARK,31675.0,11.308028987586999
Idaho Falls,65845.0,2.335875932173127
Immokalee,28824.0,22.29038854805726
Imperial,25836.0,0.0
Imperial Beach,26257.0,4.259276480982051
Independence,62001.0,0.6594357588146704
Indiana,34835.0,0.9549428379287155
Indianapolis,539745.0,2.471182688778994
Indio,27466.0,0.8183597224693115
Industrial Drive,30150.0,0.17725258493353027
Inglewood,150473.0,6.853626533349209
Inkster,25056.0,2.2972972972972974
Inman,29627.0,0.18134510762437908
Inner West Side,60256.0,4.283331870446766
Iowa City,33277.0,4.47916126018581
Irmo,34772.0,0.3774663997712325
Irvine,127209.0,1.4059279361165813
Irving,213332.0,2.3450011849675563
Irvington,54268.0,21.854193004635484
Irwindale,86272.0,4.5617134299154785
Isabela,43101.0,0.4017638412542871
Issaquah,53340.0,7.319397129187976
Ithaca,65647.0,9.248554913294798
Jackson,337353.0,0.6960446302589722
Jackson Heights,63202.0,71.771714066103
Jackson Township,55285.0,2.558258340865328
Jacksonville,748370.0,1.7179762812085309
Jacksonville Beach,25829.0,1.7457084666860634
Jamaica,430698.0,47.04030440936099
Janesville,32039.0,0.40037368210329644
Jefferson City,39157.0,0.2753416275749541
Jenison,26377.0,0.10267751362451623
Jersey City,242617.0,44.9140074026659
Johnson City,71137.0,0.6026688338872588
Joint Base Anacostia-Bolling,38152.0,37.07426018983808
Joliet,48429.0,2.5091989182958727
Jonesboro,137073.0,0.8764647290413912
Jonesborough,28040.0,0.0
Joplin,36227.0,0.26672851675750897
Juana Díaz,47106.0,1.7988252569750367
Juncos,40863.0,0.47745358090185674
Junction City,28128.0,0.23043133866205803
Juneau,29855.0,4.675706792887297
Jupiter,51400.0,0.10999431063910488
Jupiter Point,31760.0,3.0906322260447805
Jurupa Valley,28649.0,1.394650895930797
KIMBERLIN HGT,38350.0,0.6312784761486524
KINGSVL NAVAL,30590.0,0.6441598758246022
Kahului,25770.0,4.102134784428631
Kailua,53555.0,3.2659799734414814
Kailua-Kona,35334.0,0.3885184111336619
Kalamazoo,97950.0,2.3226375661458203
Kaneohe,52637.0,4.733418081208405
Kankakee,36519.0,2.534481551494784
Kannapolis,26845.0,0.4414016755247275
Kansas City,122981.0,1.4703656238066969
Kapolei,42793.0,5.339939443985687
Katy,251836.0,2.3740629309817822
Kaukauna,25865.0,0.7102478620089868
Kaysville,34740.0,4.185200161746867
Kearny,41538.0,13.169608595548734
Keizer,38718.0,1.9977672013631824
Keller,102128.0,0.21850928574878178
Kenner,52069.0,0.378997236478484
Kennesaw,95915.0,1.5951491616083433
Kenneth City,26243.0,1.850085828724013
Kennewick,79780.0,1.5396481431293259
Kenosha,89295.0,1.3134486215844479
Kent,192073.0,5.0163437200268985
Kent Cliffs,25467.0,7.677446451070979
Kentwood,71441.0,2.3114493409647996
Kernersville,51506.0,0.16416510318949343
Kerrville,39536.0,0.21517625466742613
Kihei,28485.0,2.4024240675275954
Kilgore,25238.0,0.0
Killeen,155417.0,0.2633102029207671
Kingman,26010.0,0.0
Kings Mountain,25600.0,0.0
Kingsport,66754.0,0.24424618151378374
Kingston,34752.0,2.651397273915479
Kingwood,29292.0,5.436316375789083
Kirkland,77940.0,7.46275436731955
Kirklyn,40251.0,24.038963297964862
Kirkwood,29227.0,8.555091268968551
Kiryas Joel,48838.0,9.745762711864407
Kissimmee,192680.0,1.9141111427204698
Klamath Falls,29689.0,0.334924223394457
Knoxville,156693.0,0.6906130112890884
Kokomo,75335.0,0.45119248496035746
Kolin,35132.0,1.1055909313553984
Kuna,26243.0,0.0
LAKE CLARKE,25355.0,0.7952796305797845
LAKE LINCOLND,26355.0,5.494034435950561
LAKE TAPWINGO,30539.0,0.3784230081188936
LAUD BY SEA,28581.0,1.7131931166347993
LAUREL PARK,29932.0,1.2146396036439189
LOS RNCHS ABQ,98298.0,1.6819785128179323
LRAFB,39283.0,0.07985853630711312
LUTHVLE TIMON,37384.0,2.5622061387289343
LXHTCHEE GRVS,26734.0,0.11934954497985976
La Costa,43627.0,1.9876041889292584
La Crosse,50298.0,1.3466108407830713
La Habra Heights,68899.0,3.2841197851330053
La Jolla,39241.0,4.587409495384955
La Mesa,72912.0,2.596218499501815
La Mirada,49543.0,1.738930947465015
La Porte,79581.0,0.2938693816056406
La Quinta,38462.0,0.5824728620598358
La Vergne,32634.0,0.6878203880345208
La Verne,33969.0,2.4044883783061715
LaGrange,53292.0,0.1935295463944461
LaPlace,33393.0,0.08605282319454557
Lacey,70521.0,2.10709865647999
Ladson,80087.0,0.12737174982431482
Lafayette,236375.0,3.604158107160693
Lafayette Springs,38419.0,0.5912539045069165
Laguna Beach,144865.0,1.3482124226038297
Lajas,25510.0,0.2815202091292982
Lake Charles,92943.0,0.3479441072860132
Lake Elsinore,51816.0,1.4114291334710338
Lake Forest,59657.0,0.6163328197226502
Lake Hallie,31938.0,0.025363008052755057
Lake Hamilton,43047.0,0.1956271576524741
Lake Park,32573.0,0.480092177698118
Lake Shore,60439.0,0.8576116907644199
Lake Stevens,31952.0,2.1698538407056853
Lake View Terrace,91701.0,4.326252132113506
Lake Villa,34859.0,2.5824705032506623
Lake Worth,172849.0,2.3231882448982333
Lake Wylie,31611.0,0.23763552651121342
Lake in the Hills,61512.0,2.4516331364772723
Lakehurst,32508.0,0.8635368523473608
Lakeland,170570.0,0.5618726734748531
Lakeside,42323.0,0.8463863698818357
Lakesite,26913.0,0.16931387567523987
Lakeville,48915.0,2.7604287146271878
Lakewood,153899.0,2.1242728280152505
Lancaster,366460.0,1.7160428624741864
Land O' Lakes,25323.0,0.1946314167545211
Landover,35901.0,24.217938358536305
Lansdowne,48876.0,3.3504011611498608
Lansing,161947.0,3.5893853571724663
Lapeer,30540.0,0.7688649334178821
Laredo,257786.0,1.3214546021524085
Lares,28442.0,0.0
Largo,28234.0,1.7085862966175196
Larkfield-Wikiup,44918.0,1.7468944099378882
Las Cruces,145927.0,0.3764714289202944
Las Piedras,38435.0,0.13219442749644092
Las Vegas,1235945.0,4.64707707249008
Latrobe,28440.0,0.3967309370784734
Laughlin Air Force Base,48556.0,0.21908595302389566
Laurel,63148.0,6.9891776910253025
Laurinburg,25861.0,0.19488112251526568
Laveen Village,39137.0,0.5036440125614742
Lawndale,35854.0,3.0756087142246904
Lawrence,172926.0,2.6289141073560662
Lawrenceville,236710.0,0.9795745541946892
Lawton,51391.0,0.975609756097561
Layton,45635.0,2.781661283324495
League City,75772.0,1.5036039992766166
Leander,51247.0,0.5843624605555339
Leavenworth,35444.0,0.2219233355749832
Lebanon,140662.0,0.7241454675265435
Leesburg,70047.0,1.9719561203149996
Lehman township,29608.0,4.455248266517892
Leland,29003.0,0.07130407225479322
Leland Grove,40172.0,1.7992842084620286
Lemon Grove,26027.0,4.62710941752858
Lemoore,37062.0,2.3489734335246437
Lenexa,101632.0,0.5003541987008533
Leominster,40978.0,1.38801261829653
Levittown,42321.0,9.4081595316502
Lewis Center,26130.0,0.05944861410418369
Lewiston,70816.0,0.491048012252975
Lewisville,114701.0,1.2385311086069688
Lexington,441977.0,1.511343993138887
Lexington Park,25580.0,1.7347600518806745
Liberty,37005.0,0.2850595271365491
Liberty Township,52769.0,1.0360400247941202
Libertyville,29284.0,5.362062875309078
Lilburn,62321.0,0.5755446488471452
Lincoln,175582.0,1.0155768181281697
Lincoln Acres,61262.0,6.607115935474145
Lincoln Heights,39333.0,14.002232419694902
Lincoln Park,37458.0,1.011403746945425
Lincolnton,38795.0,0.30485982425727776
Linda,32742.0,1.004343105320304
Linden,42527.0,8.090185676392572
Lindenhurst,44923.0,9.548770366487572
Lindenwold,44669.0,7.569977478512663
Linfield,25694.0,0.7836531419364289
Lino Lakes,27654.0,2.5692762980898576
Lisle,27235.0,7.965569066812406
Litchfield Park,28747.0,0.379794910748196
Lithonia,53237.0,7.124296232135124
Lititz,42717.0,1.2576511094108647
Little Chute,26451.0,2.854130582122148
Little Rock,62104.0,1.1277368737478288
Littleton,284786.0,2.9818568670692427
Livermore,87825.0,3.6604334905408864
Liverpool,30295.0,1.0302955967128664
Livingston,62300.0,4.5439510356095765
Livonia,95888.0,0.13451511367826288
Lockhart,35374.0,2.4807784718885153
Lockport,50605.0,0.6447507953340403
Lodi,73484.0,0.5613807017935454
Logan,45253.0,3.3434510669610007
Logansport,28626.0,0.9463207701093164
Loganville,58850.0,0.3815352070111816
Loma Linda,36507.0,0.3650467716176135
Lombard,52833.0,4.377491291701081
Lompoc,55176.0,3.6287153885267878
Londonderry,33585.0,0.5747755638274579
Long Beach,543351.0,6.413759158772539
Long Branch,30882.0,5.9937995177402685
Long Creek,35769.0,0.7489731819280019
Long Grove,42221.0,3.7123715124816448
Long Island City,163789.0,71.09048184491007
Longmont,89632.0,2.8788810747267988
Longview,108345.0,0.2924473303051393
Longwood,30189.0,0.060100668619938395
Lorain,28628.0,0.3281455090943184
Lorton,34031.0,8.149708360337005
Los Angeles,1019978.0,12.176150608273574
Los Banos,39439.0,0.17308524448290782
Los Gatos,25898.0,0.7688364941055869
Los Lunas,44479.0,1.3297009794382824
Los Nietos,32978.0,1.952091526635681
Louisville,299843.0,1.5969102587258228
Loveland,85914.0,0.2846115274052466
Lowell,92328.0,3.813112216356602
Lower Gwynedd Township,33187.0,5.9771372978231785
Lower Merion Township,36292.0,8.484815500163274
Lubbock,110482.0,0.3836744234290525
Lucas,66679.0,1.3890120282530958
Lucedale,27754.0,0.6121259230470268
Lufkin,63644.0,0.165153198435473
Lumberton,39648.0,0.1854890490119141
Lynchburg,72302.0,4.16474736837661
Lynn,71388.0,13.558717859430162
Lynnville,27069.0,0.32711808963035655
Lynnwood,97889.0,10.032535796515354
Lynwood,70650.0,6.132057416267942
Lysander,31724.0,0.6051242435946955
MARTINS ADD,30533.0,21.017669722332936
MENTOR ON THE,60627.0,0.8548086931836104
MERRIONETT PK,28022.0,8.097619225315322
MI METRO,25371.0,3.2121898486564398
MIDDLEBRG HTS,50401.0,1.303434378081722
MINETONKA MLS,25259.0,4.488264292546538
MONARCH BAY,26955.0,1.6792792792792792
MONTE VISTA,62478.0,2.0727341247409083
MONTGMRY,26862.0,2.5013345534965303
MONTGOMRY VLG,62408.0,13.45305252922476
MORGANS POINT,36203.0,0.025999350016249593
MSC,93056.0,2.255860223251216
Mableton,40343.0,1.4932014833127318
Macomb,82204.0,0.05798886690469265
Macon,91703.0,1.1393410531724804
Macungie,25091.0,0.7843836349050718
Madera,49761.0,0.05816368923971749
Madison,268579.0,5.26704711150136
Madison Heights,30028.0,1.1385469294812496
Madisonville,26384.0,0.0
Magna,28301.0,2.0184899845916795
Magnolia,34551.0,0.8352844396633551
Mahwah,26242.0,6.453784026323661
Malden,60293.0,30.40157913471184
Malta,31729.0,0.8109104312569112
Manassas,74290.0,4.929194605760385
Manassas Park,32648.0,5.2145573058120585
Manatí,43240.0,0.4942630185348632
Manchester,257014.0,1.247783187515345
Mandeville,25396.0,0.11485765854458939
Manhattan,1379505.0,58.24445941606818
Manhattan Beach,35534.0,1.8250950570342206
Manitowoc,39426.0,0.4303416809249754
Mankato,47040.0,0.9263565891472868
Mansfield,64969.0,0.15365800119163348
Manteca,77832.0,1.6109300666762305
Maple Valley,34076.0,2.313608733407766
Maplewood,83428.0,6.714508397561948
Maricopa,35265.0,0.1600204826217756
Marietta,337588.0,1.373630200918467
Marion,150565.0,0.4499765421146177
Marlborough,39141.0,1.4921336158319434
Marrero,55812.0,1.1279324098297379
Marshallton,38323.0,2.642516291241213
Marshalltown,31634.0,0.2744546094299789
Marshfield,51660.0,2.0173767185482046
Martinez,48891.0,5.184409052808047
Martinsville,63188.0,0.07818930041152264
Marvin,47234.0,0.7201440288057611
Marysville,107601.0,2.150958156232754
Maryvale Village,113467.0,3.944898612326341
Maryville,56680.0,0.31797083829206496
Mason,52052.0,0.6287267269703485
Mason City,29321.0,1.5091288823014215
Maspeth,30854.0,45.16129032258065
Massillon,45615.0,1.4196399191463358
Matthews,72164.0,0.9985073722709646
Maumee,26853.0,0.46595520817676234
Mayagüez,86732.0,1.3491409025771626
Mays Landing,28501.0,2.797256684904061
McAlester,28835.0,0.3503375202939417
McAllen,113615.0,0.588753638602796
McCarran,25260.0,1.782487267948086
McDonogh,31099.0,9.047379032258064
McDonough,97713.0,0.9539323798688455
McKinney,123291.0,0.45340998707395275
McKnight,41733.0,3.16883358963605
McLean,30221.0,4.1581408944752996
McMinnville,69746.0,0.5989193814810507
Meadville,28244.0,0.254841997961264
Mebane,28171.0,0.1441545336600836
Mechanicsburg,34844.0,0.29592665660902867
Mechanicsville,64725.0,0.4856295984747042
Medford,177081.0,5.748274169183482
Medford Lakes,27353.0,3.5455157453811057
Medina,62343.0,0.19989513697732336
Melbourne,39960.0,0.815389032443296
Melbourne Village,27564.0,0.22775200337410376
Melrose,27509.0,18.85179701171086
Melrose Park,25590.0,4.262814867007222
Memphis,469941.0,2.0761873732356917
Menasha,25757.0,1.2213976499690786
Menifee,46346.0,0.3536877145532092
Menomonee Falls,35859.0,0.3858662697756463
Menomonie,25881.0,0.15635994058322258
Merced,99876.0,0.9072024897570419
Mercedes,33437.0,0.0
Meriden,36973.0,1.528071882332742
Meridian,116535.0,0.2900310252688292
Merrick,33791.0,16.112042135503952
Merrillville,38690.0,1.7129215159653834
Merrimack,25563.0,0.7039823314238388
Mesa,453257.0,2.1735435395160443
Mesquite,144505.0,0.7897901745243966
Metairie,103816.0,1.2358986452261524
Methuen,48159.0,1.3508489279960343
Miami,1243754.0,5.721621847626245
Miami Beach,74999.0,11.630549068821688
Miami Gardens,137622.0,2.7853215157425986
Miamisburg,36569.0,0.9455988792902171
Miccosukee,31358.0,0.23014959723820483
Mid Island,126891.0,32.94013231351405
Mid-City,133052.0,5.995128452230636
Middle River,40399.0,3.5932951922111815
Middle Village,35725.0,41.215764863059455
Middleburg,50917.0,0.12125327383839364
Middletown,142325.0,1.2281879710661998
Middletown Township,27583.0,13.733162766197607
Midland,163992.0,0.4871101511291777
Midlothian,107031.0,2.128224937780181
Midvale,31376.0,4.843731289665908
Milford,66536.0,3.4506905378293284
Mililani,54320.0,4.803837342497136
Mill Creek,53837.0,6.832687695997048
Mill Valley,30605.0,8.13984700040263
Milledgeville,44312.0,0.06331919204710948
Millington,28450.0,0.13860578883000407
Mills,26465.0,0.492831541218638
Millsboro,26638.0,1.0994087213599408
Millville,37452.0,1.4128210206641578
Milpitas,69635.0,2.9534109816971714
Milton,114541.0,2.923484906066511
Milwaukee,579655.0,8.137633456689834
Mineral Wells,48112.0,0.2557122824383403
Minneapolis,395526.0,11.13156178518383
Minot,31844.0,0.18274227628347894
Miramar,233767.0,2.130639895435884
Mishawaka,31217.0,1.9624974796693326
Mission Valley,38018.0,2.265063773640229
Mission Viejo,132692.0,1.3048935514196136
Missoula,31218.0,3.6949255545426922
Missouri City,36336.0,1.8678577643714833
Mitchell,43027.0,2.6268688144872603
Mobile,111728.0,0.7834165232531461
Moca,39513.0,0.6188118811881188
Mocksville,26124.0,0.9632697155203457
Modesto,223571.0,1.1384435317876906
Moline,44731.0,1.415205228266491
Moncks Corner,31991.0,1.0415913200723328
Monroe,204851.0,1.7978916080195848
Monroe Township,47706.0,7.47247859446236
Monroeville,28486.0,3.61878250677606
Monrovia,42235.0,2.571795970852979
Monsey,41619.0,10.653274280291047
Montclair,202122.0,7.273784234070619
Montebello,63400.0,5.399776294982065
Monterey,33760.0,4.453935326418548
Monterey Park,60927.0,4.083495321879081
Montgomery,150982.0,0.41553409006719627
Montpelier,25375.0,9.505082733546041
Moon Township,41570.0,2.4118652682160513
Mooresville,70436.0,0.6423710350703136
Moorhead,41737.0,1.3224597751818383
Moorpark,36407.0,1.7044216946199084
Moreno Valley,199143.0,1.317714168861181
Morgan Hill,46834.0,2.736832222326542
Morganton,55239.0,0.16896520230158005
Morgantown,70054.0,1.694368410917637
Morovis,32484.0,0.5219887772412893
Morristown,76817.0,3.218256985965078
Morrow,26417.0,1.6666666666666667
Moscow,26071.0,0.34929752386866414
Moses Lake,40917.0,0.9403057510313031
Mount Airy,67622.0,0.8150579546132706
Mount Healthy,40703.0,2.3385055573896776
Mount Laurel Township,41813.0,2.724419931532902
Mount MADONNA,84587.0,1.6330215000820614
Mount Oliver,27290.0,22.468634034281674
Mount Pleasant,155242.0,0.5351396907099771
Mount Prospect,55617.0,6.451154529307282
Mount Vernon,95809.0,9.101398621997843
Mount WASHING,26622.0,2.1751953989087154
Mountain Brook,65806.0,0.7599532169218054
Mountain View,63238.0,5.685602467009016
Mt. Juliet,49446.0,0.8248344236317094
Muncie,84336.0,1.868115746510174
Mundelein,37947.0,3.14491693657925
Murfreesboro,145526.0,0.7506850248527538
Murray,29955.0,0.23141005862388153
Murrells Inlet,25723.0,0.0
Murrieta,120898.0,0.1583878341840549
Muscatine,30542.0,0.25227750525578135
Muskego,25070.0,0.35
Muskegon,106196.0,0.415778217186975
Muskogee,31203.0,0.2348306946443451
Myrtle Beach,100145.0,0.13408820023837903
NEW CARROLLTN,29383.0,18.911379729633072
NEW KENSINGTN,38256.0,1.8023466795693721
NEW PHILA,25075.0,0.11979122101480277
NEW PRT RCHY,69669.0,0.7490215791066454
NO FORT MYERS,29379.0,0.4537205081669691
NO HUNTINGDON,45301.0,2.2954525693417964
NO POTOMAC,63855.0,9.103978406290341
NORTH PRINCE GEORGE,31314.0,1.0261274467534707
Naguabo,26786.0,0.0
Nampa,107773.0,0.20267042466254856
Napa,27062.0,1.4131338320864506
Naperville,162311.0,8.960306609997982
Naples,87553.0,0.6663455362877329
Naranjito,30772.0,0.522438044206296
Nashua,56488.0,1.915887805852746
Nashville,233165.0,2.931070483430305
Natchez,32443.0,0.2354714137703683
Natick,34043.0,8.634365955622254
Naugatuck,31919.0,0.34913040667227
Neenah,43251.0,0.21154971418283297
Neffsville,49879.0,1.0211436809226333
New Albany,48259.0,1.2894819607314554
New Baltimore,39681.0,0.38639876352395675
New Bedford,43513.0,2.063106796116505
New Berlin,31994.0,0.44237207077953133
New Bern,65837.0,0.057906509399297465
New Britain,92743.0,3.4350741217147984
New Brunswick,98261.0,9.532156502951011
New Castle,123849.0,2.4577228368981423
New Chicago,31378.0,0.6349206349206349
New City,31090.0,6.761468517125863
New Haven,79691.0,11.033313748562898
New Iberia,42337.0,0.7429163787145819
New Lenox,34611.0,6.822354831305945
New London,27614.0,5.191026720771763
New Milford,26814.0,2.2751064275246002
New Orleans,220882.0,6.475302090495093
New Rochelle,41265.0,21.269545407476443
New Square,60650.0,13.505642519111758
New Windsor,25395.0,4.2667099286177805
New York,61806.0,56.43907410103363
Newark,414105.0,17.842804544956486
Newberg,28885.0,0.8939693705576317
Newburgh,89797.0,3.0191586732524534
Newbury Park,44958.0,1.7307142176027464
Newnan,87153.0,0.6396143621234973
Newport Beach,35308.0,0.9527590313616514
Newport News,138669.0,2.02156176307063
Newton,52901.0,0.7553399477066154
Niagara Falls,28605.0,0.9668508287292817
Nicholasville,41361.0,0.1972912445344993
Niederwald,45136.0,0.09427292010370021
Niles,67367.0,3.573577096742195
Niskayuna,29992.0,1.004189665491787
Niwot,32657.0,2.9537504858142247
Nixa,30573.0,0.23921761767396046
Noblesville,36918.0,0.13406982356411218
Norco,27304.0,1.1826418693371483
Norcross,55116.0,2.164090368608799
Norfolk,127317.0,3.5819685381696718
Normal,54454.0,3.2412253157490754
Norman,84468.0,1.2771098478043452
North Andover,28963.0,2.7646292103999452
North Attleborough,27177.0,4.264998578333807
North Bergen,62114.0,31.230188170229987
North Caldwell,25250.0,5.2168815943728015
North Central,84732.0,2.4035028340963596
North Charleston,58906.0,6.934354562645662
North Chesterfield,178716.0,2.5948544500265314
North Dallas,26444.0,2.786823173040515
North Highlands,33014.0,1.9533024438993367
North Hills,61976.0,8.640196007782661
North Hollywood,160190.0,5.626001559074823
North Las Vegas,188800.0,3.7469520677044748
North Little Rock,30921.0,0.4549926217412691
North Massapequa,55900.0,13.70826651115323
North Miami,28651.0,7.70988490182803
North Miami Beach,128663.0,9.290742756144722
North Mountain Village,44241.0,3.868550306344625
North Olmsted,32668.0,3.113310003620128
North Omaha,35482.0,2.892199824715162
North Philadelphia,113446.0,42.87770574356534
North Plainfield,45781.0,8.09262845605505
North Platte,29813.0,0.35423308537017356
North Providence,67286.0,5.403954439346559
North Ridgeville,94412.0,0.7667334496174137
North River,31233.0,2.4160617059891107
North Royalton,30335.0,0.6769037919147602
North Saint Paul,32153.0,3.2741323210412148
North San Jose,29660.0,1.6348055372445616
North Tonawanda,44800.0,0.7183777393834683
North Wales,29171.0,5.009002057613169
Northbrook,40211.0,10.21082621082621
Northeast Philadelphia,122283.0,11.633207324457983
Northeast Portland,30597.0,12.900613213004744
Northeast Side,60072.0,1.7798993404223382
Northeast Washington,56646.0,35.86433478246441
Northridge,29178.0,4.404752894876259
Northside,93881.0,4.694234857755714
Northside / Northline,34859.0,3.2305978462681026
Northwest,32797.0,9.334398296059637
Northwest Houston,47430.0,2.848688278420634
Northwest Philadelphia,29012.0,27.325102880658438
Northwest Washington,139176.0,41.49048979062749
Northwood,27713.0,2.098054136319165
Norton,40993.0,0.7704242683644534
Norwalk,162847.0,8.553839077324863
Norwich,37351.0,3.686174063143828
Norwood,28844.0,10.266693402847404
Nottingham,37640.0,1.5786367660076719
Novato,25969.0,3.970025510204082
Nowthen,36989.0,1.5028723840787854
Nutley,28509.0,11.12522942256106
O'Fallon,164578.0,0.1588761989138995
OLD RVR-WNFRE,68874.0,0.37016536359233376
OSBORNVILLE,31648.0,2.2374877330716387
Oak Creek,34823.0,0.4402652462224155
Oak Forest,28191.0,7.541075691616346
Oak Glen,54056.0,0.8840593056450871
Oak Grove,46812.0,2.7566657080645824
Oak Harbor,37706.0,1.6365103146248703
Oak Lawn,57012.0,7.133628283935633
Oak Park,61759.0,13.129624497542881
Oak Park Heights,35273.0,0.9345255263916931
Oak Point,42162.0,0.3354399611084103
Oak Ridge,29768.0,0.1683759375478341
Oakbrook Terrace,28898.0,4.042407660738714
Oakland,221057.0,17.542780642450243
Oakland Park,131145.0,7.386061749307566
Oaklandon,58836.0,1.553007423675747
Oakley,38481.0,3.641720683559222
Oakwood,63547.0,23.08361287116412
Obetz,47943.0,2.2480909916163827
Ocala,27063.0,0.12175324675324675
Ocean Ridge,33592.0,4.109101267625694
Ocean Springs,37760.0,0.1382377689626157
Ocean Township,38611.0,5.492859817082954
Oceanside,225954.0,4.964569156931776
Ocoee,40547.0,1.2483812483812484
Oconomowoc,34185.0,0.43507740987682225
Odenton,32004.0,7.739374896642963
Odessa,109579.0,0.735470587784843
Oklahoma City,245272.0,0.2582070552597977
Olathe,58890.0,0.3498882301487025
Old Bridge,40466.0,10.213832907559844
Oliver,30399.0,1.7816014090231675
Olney,25999.0,8.316023207506625
Olympia,30299.0,2.2847610067454847
Omaha,166037.0,0.7051545497896393
Ontario,113970.0,1.6376143786572799
Ontarioville,42426.0,4.656209032141404
Opelousas,38195.0,0.1446516939474686
Orange,136982.0,2.085077151654026
Orange Park,104114.0,0.272722784169054
Orangeburg,28700.0,0.4352557127312296
Orangevale,31814.0,1.9954062589721504
Orchard Park,30329.0,0.6446520194711223
Oregon City,52182.0,2.811973018549747
Orem,69891.0,2.2455339612349556
Orland Hills,65363.0,7.939107452885322
Orland Park,66355.0,6.864885026441312
Orlando,425297.0,4.180122630931082
Ormond Beach,47619.0,1.012111218513675
Oro Valley,56086.0,0.8134705353268248
Oroville,30916.0,0.18877297565822157
Oshkosh,39490.0,2.3385055573896776
Osseo,68252.0,3.7907486259424314
Ossining,31453.0,13.799657859722487
Oswego,116823.0,1.8177944024096728
Ottumwa,29846.0,1.0416666666666667
Overbrook,42994.0,1.5287676892882966
Overland Park,62517.0,0.9956048727763591
Oviedo,59879.0,0.297029702970297
Owasco,39326.0,1.9578563132570102
Owasso,40813.0,0.2133850630455868
Owatonna,28947.0,0.486415120561462
Owensboro,82164.0,0.35178349068424597
Owosso,27636.0,0.4312947468299836
Oxford,53953.0,2.03059592878488
Oxnard,214721.0,1.398212030624396
Ozark,30113.0,0.02050300710770913
Ozone Park,57529.0,51.62880938034131
PLEASURE RDGE,27222.0,1.4666243856032979
PORT JEFF STA,25675.0,3.8620689655172415
POTAWATAMI PK,43620.0,2.098950524737631
PT CHARLOTTE,29835.0,0.0
PT ORANGE,29804.0,1.6221137134817512
PUEBLO DEP AC,29614.0,0.6809701492537313
Pacifica,38416.0,7.401512136888181
Paducah,56780.0,0.46658040727064004
Painesville,56347.0,0.6953482318819023
Palatine,77313.0,4.541319523614438
Palatka,26613.0,0.030382823577071096
Palm Bay,41335.0,0.07805932508706617
Palm Beach Shores,26884.0,3.339956476487842
Palm City,27680.0,0.15416704452706992
Palm Coast,82123.0,0.30676775739545215
Palm Desert,32855.0,2.7949128017668112
Palm Harbor,58997.0,0.6702194162188537
Palm Shores,35093.0,0.0
Palm Springs,69687.0,2.966199993672316
Palm Valley,37300.0,0.5490626715820849
Palmdale,166848.0,2.4322831246022294
Palmer,26573.0,0.933112409522979
Palmetto,41684.0,0.8713692946058091
Palmview,136996.0,0.188058387538251
Palo Alto,74253.0,5.5875332203455255
Palos Verdes Peninsula,67902.0,0.7967662119184156
Panama City,31455.0,0.9609868043602984
Panorama City,70781.0,12.582781456953642
Papillion,27434.0,0.05571418622466746
Paradise,27443.0,1.2647981382171405
Paradise Valley Village,71347.0,2.605277933745087
Paragould,36413.0,0.12234910277324633
Paramount,54813.0,5.286072594765984
Paramus,26612.0,11.846629986244842
Park Ridge,37511.0,10.990502035278155
Parkdale,27438.0,2.112845138055222
Parker,88925.0,2.072241236751655
Parkersburg,30134.0,1.3920526449000252
Parma,66815.0,1.977511505484782
Parsippany,29642.0,3.1386861313868613
Pasadena,197076.0,3.0221725617827526
Pasco,74025.0,1.1995010075808463
Passaic,70702.0,18.49686847599165
Pataskala,27617.0,0.3892733564013841
Paterson,33225.0,16.65337056242521
Patterson,26087.0,0.14767932489451477
Pawtucket,71460.0,3.2016848542018055
Peabody,51597.0,2.4113695491787364
Peachtree City,35018.0,1.0034904013961605
Peachtree Corners,33080.0,1.8137283489823293
Pearl City,40632.0,5.529688726131311
Pearland,76495.0,0.2718754124323611
Pekin,43691.0,0.37640507373414456
Pelham,29844.0,11.3964796931717
Pembroke Park,47767.0,2.4056711639606676
Pembroke Pines,129425.0,1.420488486599876
Penn Hills,33926.0,7.202925045703839
Penndel,35845.0,4.077532848300575
Pensacola,164872.0,0.8602800758075546
Peoria,225718.0,1.069676173287085
Perkasie,25430.0,0.31347962382445144
Perris,111591.0,1.8955916182146324
Perrysburg,37306.0,0.3347551428108633
Perth Amboy,54176.0,5.842132594772373
Petaluma,71705.0,2.3721666999199007
Pflugerville,77046.0,0.5725678646285978
Pharr,73531.0,0.09785118791342128
Philadelphia,1051427.0,26.136155043511902
Phillips Ranch,71851.0,2.6074498567335245
Phoenix,939027.0,4.36453393918002
Phoenixville,40648.0,1.9508738781294284
Picayune,28030.0,0.7443701121266372
Pico Rivera,97829.0,3.564183303628937
Piedmont,123547.0,12.240405972601371
Pine Bluff,33058.0,0.25108422734535496
Pine Springs,28548.0,2.7241112828438947
Pinellas Park,25937.0,0.6989989644459786
Piqua,25504.0,0.5675164399603639
Piscataway,57600.0,7.71132922468234
Pittman Center,30792.0,0.9661499965246403
Pittsburg,87395.0,9.737705807361596
Pittsburgh,114633.0,16.732021241330536
Pittsfield,45557.0,1.084845326637927
Pittsford,32399.0,0.13725490196078433
Placentia,53474.0,2.5847943634278225
Placerville,36639.0,0.7477020167375498
Plainfield,104405.0,1.556591351304361
Plainview,56206.0,7.221094067079029
Plano,269058.0,1.2388657767671847
Plant City,26746.0,0.2198204799413812
Plattsburgh,32843.0,0.4802164355765979
Playa del Rey,27803.0,4.382213369265921
Pleasant Grove,44704.0,2.0949873862016015
Pleasant Hill,35944.0,0.8622768933912205
Pleasanton,74433.0,7.9849931556919955
Plymouth,96903.0,1.830269618528271
Pocatello,37465.0,1.9577598481252967
Pomona,85481.0,3.753139931382232
Pompano Beach,402427.0,2.6003827056824202
Ponce,109896.0,0.8411245382529402
Ponchatoula,27690.0,0.0
Ponte Vedra Beach,30325.0,0.05038871292830406
Pontotoc,31242.0,0.19525801952580196
Poplar Bluff,34127.0,0.4248271889400922
Port Arthur,38314.0,0.23685457129322596
Port Chester,38656.0,16.33452135936951
Port Huron,40055.0,1.6331488729923067
Port Orchard,60927.0,7.665569887122696
Port Richey,42187.0,1.2195121951219512
Port St. Lucie,141743.0,0.29476879354375585
Port Washington,30583.0,27.04300280774346
Portage,68019.0,0.7078123261885728
Porter,26175.0,0.2649445272396092
Porter Ranch,36024.0,2.1791320406278856
Portland,580466.0,8.212751124473103
Portola Hills,32822.0,0.11920446703055398
Portsmouth,26795.0,1.4280345734686208
Post Falls,38180.0,0.9386660447761194
Poughkeepsie,86019.0,5.070659295391866
Poulsbo,28482.0,7.333806482138632
Poway,49079.0,1.1388263289848297
Powder Springs,60475.0,0.9191111737155333
Powdersville,28854.0,0.0
Powell,27210.0,0.0
Prairieville,37709.0,0.0693148493735004
Prattville,28483.0,0.0
Prescott Valley,35418.0,0.0
Princeton,118108.0,5.10504779729296
Progreso Lakes,65875.0,0.0
Providence,153409.0,7.202860157306131
Provo,68431.0,2.1943107790495042
Provo Canyon,46912.0,2.1373026096083203
Pueblo,56397.0,1.8796769017848765
Pueblo West,30674.0,0.0
Pullman,32285.0,8.192271980572816
Pumpkin Center,43644.0,1.6500742533414003
Puyallup,67539.0,3.1122821700204204
Quakertown,34484.0,1.1009174311926606
Quebradillas,27045.0,0.45610034207525657
Queen Creek,130869.0,0.21334700258244352
Queens,78505.0,52.588078825281414
Quincy,88432.0,11.978096689524293
RAISINVL Township,26712.0,2.117278836417196
RANCHO SUEY,37362.0,2.4201232293717845
RONOK RPD AFS,27218.0,0.07855459544383346
ROWLAND HGHTS,47859.0,4.300527728913989
Raccoon Ford,32891.0,0.2223270228390487
Racine,110965.0,2.0418181766989583
Raeford,40905.0,0.6988291546619261
Rahway,27994.0,9.690553745928339
Raleigh,379901.0,1.5633749108687933
Ramona,36039.0,0.11598095470638506
Rancho Cordova,52886.0,4.402082705796291
Rancho Cucamonga,66979.0,1.730195558501823
Rancho Park,25788.0,4.521500038188345
Rancho Santa Margarita,45074.0,1.2444065629661198
Randolph,33265.0,9.937810945273633
Rapid City,44046.0,0.962473264631538
Ravenna,33696.0,0.17040075733669927
Raytown,60065.0,1.793553349046063
Reading,94903.0,5.15987296911799
Red Bluff,27650.0,1.3303083427864288
Red Oak,37193.0,2.1488650766217305
Redding,112069.0,0.9653907830170715
Redford Charter Township,35711.0,1.2850757387633474
Redlands,74928.0,1.2084217100838743
Redmond,123128.0,4.175982367021885
Redondo Beach,75385.0,1.6808571634177358
Redwood City,96562.0,4.546540205855779
Reedley,31575.0,1.0964732836920055
Rego Park,41792.0,58.44869906725577
Reidsville,38760.0,0.21141649048625794
Reno,232307.0,2.6283651168289195
Renton,113146.0,5.224524315059923
Revere,53268.0,26.630393712687976
Rexburg,35732.0,0.421195652173913
Reynoldsburg,54214.0,1.1366906474820144
Rialto,85647.0,3.017198692767306
Richardson,81399.0,2.2926752549158063
Richland,56601.0,0.4259971348865264
Richmond,565240.0,4.301254921388929
Richwood,58892.0,0.10518934081346423
Ridgecrest,32967.0,0.07121492664862555
Ridgefield,25104.0,4.768211920529802
Ridgewood,25287.0,19.88955277928662
Ringgold,42075.0,0.22223344613364313
Rio Grande City,42130.0,0.7263389581804842
Rio Rancho,39464.0,1.3630731102850062
River Hills,45066.0,10.224121996303142
Riverdale,125803.0,6.458949483203093
Riverhead,30631.0,3.3521809369951536
Riverside,411936.0,2.27449234999077
Riverton,88259.0,1.8586593268281448
Riverview,69740.0,0.591803795385825
Riverwoods,27373.0,9.439638962015795
Riviera Beach,98603.0,2.0873409214232197
Roanoke,126550.0,0.5156905825367407
Robbinsdale,28585.0,4.646840148698884
Robinson,36191.0,1.366424986056888
Rochester,337804.0,4.013153161094957
Rock Hill,106982.0,0.3923169747312631
Rock Island,38986.0,2.3287110174945878
Rock Springs,29014.0,2.175087814104296
Rockford,122071.0,0.8063776071156843
Rockingham,25463.0,0.11618081960287284
Rockledge,36845.0,0.26555386949924126
Rocklin,36391.0,0.6260060812019317
Rockville,171749.0,16.13887194221697
Rockville Centre,27896.0,24.146416487234696
Rockwall,61126.0,0.4624470029655585
Rogers,77138.0,0.08500422886662137
Rohnert Park,42668.0,2.3680552226643017
Rolla,32726.0,0.28640337654507086
Romansville,53952.0,3.5761744704135072
Rome,117074.0,0.528652822857134
Romeoville,39976.0,3.316215034965035
Romulus,31602.0,0.6745496389175463
Ronkonkoma,38733.0,4.3952052306574645
Roosevelt,47850.0,3.181752142960918
Rose Valley,35875.0,7.634384962075409
Roseburg,30390.0,0.48857093002966323
Rosemead,63119.0,2.8465393886061903
Rosemount,28475.0,3.3179419525065965
Rosenberg,36504.0,0.13198416190057194
Roseville,176356.0,1.2905317133424055
Ross,53539.0,0.2503288217573932
Rossville,30715.0,0.10709284125545762
Roswell,154714.0,1.7418693338280855
Round Lake Heights,60970.0,3.0828714158625883
Round Rock,152305.0,0.22568067677597037
Rowlett,56435.0,1.458309836859544
Roy,38161.0,2.0053013714417425
Royal Oak,58383.0,0.8706050326796911
Ruston,30931.0,0.1187648456057007
Río Grande,54253.0,1.3744635860439083
S CHESTERFLD,65216.0,0.969248955253001
SANTA ROSA VA,35366.0,1.0361086983496712
SIENNA PLANT,59800.0,2.2767135536678476
SKOK,35968.0,1.2433525578608344
STUYVSNT PLZ,30926.0,7.701076630778974
SUGARCRK Township,69378.0,0.9237489135288636
SUNNY ISL BCH,39141.0,3.4216648697724565
Sacramento,632371.0,3.1595779267248285
Saginaw,176880.0,0.6696936825445662
Saint ANTHNY VLG,30550.0,11.220449516711307
Saint AUG BEACH,58874.0,0.4136000926344853
Saint Anthony,27156.0,8.132687290346627
Saint Charles,108059.0,5.988564914752401
Saint Florian,33561.0,0.3539695152784801
Saint Paul,416827.0,4.84622060119232
Saint Regis Park,33941.0,1.8869030178728392
Salem,310217.0,2.452471264390374
Salesville,28294.0,0.37735849056603776
Salina,51394.0,0.3648060251833837
Salinas,150854.0,0.529679157384288
Salisbury,119976.0,1.0538087781937846
Salt Lake City,407920.0,3.8332923811367814
San Angelo,65912.0,0.22598752864552552
San Antonio,1051909.0,3.2207619720897207
San Benito,57459.0,0.010570265842185931
San Bernardino,163901.0,3.4641777698519935
San Bruno,42100.0,10.562623185808995
San Carlos,29879.0,4.848645426243625
San Clemente,64916.0,1.3500445940025867
San Diego,1079953.0,3.6547422841013835
San Dimas,33869.0,2.623566755198549
San Fernando,88620.0,3.330479116050888
San Francisco,749724.0,32.68256499676615
San Gabriel,62773.0,3.4956498006389527
San Germán,33050.0,0.7133668576774647
San Jose,788041.0,3.7873246683847452
San Juan,297273.0,9.973372695503455
San Leandro,84437.0,11.675852587549757
San Leon,41090.0,0.5793860540760317
San Lorenzo,69333.0,6.113844203394223
San Luis,28340.0,3.4391241844520626
San Luis Obispo,62753.0,2.2331315697345926
San Marcos,161760.0,1.4617879644693013
San Mateo,76870.0,7.960443562296856
San Pedro,62348.0,4.387246637443333
San Rafael,72137.0,10.435337133102191
San Ramon,74993.0,5.659191670619418
San Sebastián,41403.0,0.19736030590847417
San Ysidro,31518.0,6.713149191025297
Sanatoga,45815.0,1.181592039800995
Sanctuary,26937.0,0.025155123260103975
Sand Springs,30458.0,0.34374104841019765
Sandusky,41125.0,1.0190946148895086
Sandy,83364.0,2.8020092727259116
Sanford,186664.0,7.53996908121538
Sanger,35653.0,0.11008366358432409
Santa Ana,413383.0,5.579870403089657
Santa Barbara,87924.0,7.611484941196493
Santa Clara,92120.0,4.296865823953533
Santa Clarita,172196.0,3.167904204621986
Santa Cruz,83506.0,4.025520119029714
Santa Fe,76952.0,1.2168590524801284
Santa Maria,99027.0,1.928757188182657
Santa Monica,53651.0,3.5660431392717276
Santa Paula,33836.0,1.8697568605147163
Santa Rosa,145298.0,1.9722214147321557
Santa Susana,56687.0,1.7161764171181326
Santee,55362.0,1.1505460218408736
Sapulpa,31284.0,0.3592545468153581
Sarasota,89586.0,1.0083166517037965
Saratoga,31093.0,0.8539903264812576
Saratoga Springs,37268.0,1.4905149051490514
Saugus,27369.0,7.289614410357444
Savage,28035.0,2.084422373235755
Savannah,125045.0,3.357000471395566
Scarsdale,39510.0,32.82581524826724
Schaumburg,40210.0,5.362760987701401
Schenectady,55400.0,2.0860644367427748
Schertz,32581.0,0.0
Sciotoville,29515.0,0.060216780409474105
Scotchtown,48512.0,3.7364100288440203
Scottsdale,186301.0,1.6027205300485452
Seaside,34084.0,6.548343691933107
Seattle,516600.0,17.390605256239944
Sebastian,26053.0,0.23794073112697384
Sebastopol,29408.0,1.0800770500825536
Sedalia,34093.0,0.7261071498658991
Seffner,25495.0,0.5584228784161096
Seguin,47193.0,0.0639269406392694
Selden,26312.0,4.46619761394922
Selma,63959.0,0.3514351680335907
Sequim,27164.0,2.227990482370755
Severn,32488.0,4.42591014245708
Severna Park,27434.0,0.7776392047538698
Sewell,35583.0,2.040928898449997
Seymour,29837.0,0.2288329519450801
Shadeland,40015.0,1.428077284182438
Shakopee,73279.0,1.8191297956384542
Shawnee,25133.0,0.26568727045401264
Shawnee Hills,40626.0,0.6165104506039798
Sheboygan,43168.0,0.8220786846741045
Shelby,28250.0,0.8717310087173101
Shelbyville,88973.0,0.1012505601728008
Shelton,40472.0,1.6478159126365055
Sherwood Forest,32823.0,5.427948158603876
Shingle Springs,29972.0,1.0501750291715286
Shippensburg,29013.0,0.2322619315201918
Shreveport,95993.0,1.0612395464692848
Shrewsbury,35818.0,1.6055555555555556
Sierra Vista,35850.0,0.3327461342728518
Silver City,34752.0,0.14321123657394658
Silver Spring,156201.0,17.57783860032106
Simi Valley,72273.0,1.3713598863574277
Simpsonville,79347.0,0.06575702778234424
Sioux City,26127.0,0.9481977271142717
Sioux Falls,103108.0,1.6319019189183261
Skokie,60586.0,9.493174432746613
Slidell,64812.0,0.1991473574356855
Smithtown,36357.0,6.007932804479702
Smoke Rise,35911.0,2.3076923076923075
Smyrna,134293.0,1.3239039537962702
Snellville,76797.0,0.5535167317542471
Snohomish,62246.0,2.388452491192217
Soledad,27212.0,0.344311377245509
Somerset,51722.0,7.473366194943552
Somerville,25915.0,27.61284093651943
Sonoma,38822.0,1.6614102275287226
Sonora,26904.0,0.3894080996884735
South Attleboro,43774.0,4.66936820777307
South Bend,56256.0,1.517008158743271
South Central Houston,34079.0,10.355602774826574
South Chelmsford,25582.0,3.542441022529015
South Farmingdale,32499.0,9.832206663447609
South Gate,95515.0,7.760068197669913
South Hempstead,57224.0,24.2004989793604
South Kansas City,25091.0,1.9165571161696533
South Lake Tahoe,28618.0,2.758520032109757
South Los Angeles,311049.0,17.955990000110013
South Lyon,30288.0,0.6005369506853186
South Ogden,37692.0,2.118114707552527
South Pasadena,25914.0,5.953381734810852
South Portland,25377.0,1.5893287923939265
South Riding,27826.0,2.4490394485995015
South San Francisco,66002.0,11.026187576126675
South San Jose,41852.0,2.571067297335269
South Setauket,29374.0,3.7322782723376196
South Side,389902.0,24.055727124763614
South Windsor,25795.0,1.3675340035481964
South Zanesville,55252.0,0.37617277394229065
Southaven,35880.0,0.2928086202857812
Southdale Drive,29515.0,0.20512820512820512
Southeast Houston,25519.0,6.598806598806599
Southeast Portland,39901.0,14.245810055865922
Southeast Washington,52480.0,42.39701644346499
Southern View,30803.0,5.4414301395640585
Southfield,25456.0,0.9105960264900662
Southgate,29710.0,0.5611755150262128
Southington,32644.0,0.5127586414912227
Southside,96207.0,1.8750498645111058
Southwest Houston,207076.0,6.65435319209501
Southwest Jacksonville,60912.0,1.0970866661774419
Spanish Flat,67967.0,1.0542261794348606
Spanish Springs,38215.0,0.06263701847792046
Sparks,37143.0,2.6018654884634267
Spartanburg,57293.0,0.25569127630580385
Spokane,190109.0,3.009797720934899
Spring,340706.0,2.223279745368095
Spring Hill,126767.0,0.12461404746667516
Spring Lake Park,30566.0,4.619268558951965
Spring Valley,59481.0,2.3761842409304474
Springdale,89482.0,0.293487465374115
Springfield,477067.0,4.019871354094126
Springville,31195.0,0.7550018875047187
St. Augustine,28869.0,0.13576708402473978
St. Charles,57505.0,3.6426547091700074
St. Cloud,58672.0,1.4217679537720476
St. George,77907.0,0.3373207873542329
St. Louis,473279.0,4.862401345582331
St. Peters,46731.0,0.17006802721088435
St. Petersburg,145764.0,3.1342836189190484
Stafford,115622.0,2.628663393437844
Stafford Township,25066.0,1.2503278831861502
Stagecoach,25855.0,0.724762726488352
Stamford,66495.0,13.671536640295663
Stanton,30770.0,4.745326572315144
Starkville,42634.0,0.12372061635361602
State College,43447.0,7.445815107878311
Staten Island,262515.0,29.11369975313359
Statesboro,42366.0,1.5674160517132887
Statesville,70871.0,0.2440249928582819
Staunton,35562.0,0.23907313185802734
Stephenville,27015.0,0.677991925039994
Sterling,72308.0,2.5641803425821452
Sterling Heights,109906.0,0.45960082705598676
Stevens Point,29435.0,0.6271072151045178
Stickney,64256.0,10.213165490141531
Stillwater,29542.0,0.975609756097561
Stockbridge,66378.0,1.625090570334334
Stockton,316123.0,1.1471023041267698
Stone Mountain,81064.0,10.841330155212251
Stonecrest,40144.0,5.774008858161391
Stoughton,27833.0,6.072846298488753
Stratford,34063.0,5.487550008956828
Streamwood,41155.0,4.020637724272567
Strongsville,25803.0,2.570908539359927
Stroudsburg,27379.0,5.257682458386684
Stuart,42151.0,0.31251775669072107
Sudley Springs,35711.0,2.794891059353869
Suffolk,76097.0,0.40801012990667357
Sugar Hill,46611.0,0.46961454410192033
Sugar Land,134159.0,1.7128417389500084
Suisun City,29205.0,3.004616665405283
Suitland,27659.0,29.513643432772515
Sully Station,41244.0,2.927400468384075
Sulphur,27962.0,0.0
Summerfield,26705.0,0.21971985718209283
Summerlin,38213.0,2.453706357851287
Sumter,28980.0,0.0
Sun City,145367.0,0.6321496236761328
Sun Prairie,37430.0,0.25040883074407194
Sun Valley,46874.0,7.360789447185581
Sunnyvale,102280.0,5.117657621536745
Surry,25312.0,0.3069657615112161
Suwanee,70891.0,0.9807902545681711
Swansea,58652.0,5.439828999090686
Swatara,32059.0,0.8330270733798848
Sylvania,32342.0,0.7114882506527415
Syosset,25213.0,17.395851490325953
Syracuse,53448.0,5.689929533850806
TATAMY Borough,26059.0,0.9737098344693281
TEMPLE TERR,42441.0,2.876719230187919
TWN N CNTRY,46788.0,1.2077922077922079
Tacoma,183060.0,4.595044596286093
Tahlequah,30559.0,0.582459643867532
Takoma Park,36308.0,18.176169022836724
Tallahassee,156271.0,2.212128824122601
Tamarac,45661.0,2.890939200378519
Tampa,474708.0,2.406281505066916
Tarpon Springs,26215.0,0.7383019056170808
Tarzana,107799.0,5.94613806937276
Taunton,49456.0,1.6489781598105429
Taycheedah,42260.0,0.515714702734261
Taylor,62331.0,0.8769401786817078
Taylor Landing,41368.0,1.9347705914870095
Taylors,42830.0,0.9070073633393475
Teaneck,40261.0,17.831350340312778
Tehachapi,34246.0,0.18165304268846502
Temecula,114325.0,0.41209954072188826
Tempe,109437.0,5.883226380736072
Temple,33794.0,0.1961156449674195
Temple City,35274.0,3.54600833600513
Terre Haute,34488.0,0.4159616469261139
Tewksbury,29103.0,1.917202833560798
Texarkana,72268.0,0.5014040259084256
Texas City,30675.0,0.1383238405207486
The Bronx,941062.0,60.22560972376444
The Villages,82122.0,0.6058405879328574
Theodore,25603.0,0.085927057475654
Thibodaux,44266.0,0.5410598705501618
Third Lake,36563.0,3.826668103912903
Thomasville,46792.0,0.05701845324486834
Thornton,28909.0,2.3033007415184725
Thousand Oaks,79772.0,0.8221530140950633
Tiffin,29271.0,0.22246941045606228
Tigard,79076.0,4.960713508957049
Titusville,34513.0,0.05254860746190226
Toa Alta,73537.0,1.177344911210201
Toa Baja,80406.0,3.1156897232492193
Toledo,133056.0,0.7758146102975055
Tolleson,33920.0,1.360395751491343
Toluca Terrace,38781.0,12.610851530466292
Tomball,75287.0,0.8334806919874815
Toms River,123247.0,1.7141960886216918
Tonawanda,41908.0,1.903700833171866
Tooele,45808.0,2.8984753083207577
Topeka,31114.0,0.46135372558933196
Torrance,159083.0,2.474231271022286
Torrington,35826.0,1.0044832869871176
Town and Country,41655.0,0.24446142093200918
Township of Taylorsville,26382.0,0.045367933944288175
Tracy,81851.0,2.624421439981388
Trappe,40083.0,1.518196025898638
Traverse City,71543.0,0.5491384239804646
Trenton,127668.0,7.617727076832473
Trout Valley,26241.0,4.982389198708542
Troy,88561.0,2.617021042901301
Trujillo Alto,61862.0,1.9963862324269535
Trumbull,36444.0,3.3949164509296303
Trussville,26092.0,0.16839066634592254
Tualatin,27475.0,4.998575904300769
Tucker,36214.0,4.250598470251649
Tucson,616584.0,3.341448238370869
Tujunga,28126.0,2.230595327807084
Tulare,71430.0,0.5751040484298146
Tull,29037.0,0.5292297671389025
Tullahoma,26124.0,0.7620817843866171
Tulsa,128172.0,1.0115536038431931
Tumwater,69245.0,1.5095147142264582
Tupelo,29568.0,0.18443997317236754
Turlock,78232.0,0.47662117957908456
Turney Road,25542.0,1.737201995934208
Tuscaloosa,80264.0,1.3391396827504813
Tustin,60438.0,2.9045505729615155
Twin Falls,53582.0,0.5075290466003943
Tyler,99542.0,0.6115824715369942
UNIVERSITY PA,33480.0,29.81962601356942
UNM,25476.0,1.793389654661331
UPPER ARLNGTN,58629.0,1.4413449736933794
UPPR CHICHSTR,35589.0,16.476978789446456
UPPR MARLBORO,44075.0,9.901748117902258
UPR MAKEFIELD,29084.0,2.834312252424532
UPR MARLBORO,44182.0,16.287440545057205
Ukiah,33157.0,0.38393611303079167
Union,53811.0,7.820003781433163
Union City,140013.0,24.47358977224949
Union Park,33312.0,0.9046202416368162
Uniondale,26506.0,11.168429197833376
Uniontown,58720.0,0.5308920658807792
University,39137.0,7.02816823156842
Upland,78186.0,2.479771712102154
Upper Gwynedd,54910.0,4.444365873492911
Urbana,31300.0,18.68811058682794
Urbandale,31484.0,1.2681772066283394
Utica,150848.0,1.4397969017517565
Utuado,30183.0,0.0
VC Highlands,26432.0,0.41142495450589445
VERNON ROCKVL,29162.0,2.4649047650431686
VLG LOCH LOYD,27270.0,0.09454029780193808
VLG OF LAKEWD,48379.0,3.1326756593517215
VLG WELLINGTN,54865.0,1.1386649344694508
Vacaville,101601.0,0.8855750421933
Valdosta,69193.0,0.3779670084991629
Vallejo,89389.0,4.865725559194141
Valley Glen,93909.0,11.37573719727526
Valley Home,32544.0,0.6167538449527676
Valley Stream,41525.0,21.54366823256049
Valley View,28698.0,2.431207004377736
Valparaiso,79551.0,1.4727796777514355
Valrico,63805.0,0.5036189036690273
Van Buren,32870.0,0.102707064778813
Van Nuys,113848.0,5.2729841286492904
Vancouver,218798.0,2.8423705475256362
Vaucluse,27374.0,0.0
Vega Alta,37329.0,1.6823034616628922
Vega Baja,59513.0,1.6148538094899338
Venice,58973.0,1.1738197934861394
Ventura,114231.0,1.9505785283746866
Vernal,28003.0,0.8047471955779548
Vernon,69288.0,1.2124224953632314
Vernon Hills,26144.0,3.4442154842508095
Vernonburg,34960.0,1.8670367099785543
Vicksburg,33245.0,0.17285435142041183
Victoria,68537.0,0.6746791334182127
Victorville,133421.0,0.9634152667303143
Vidor,27021.0,0.4563004563004563
Vienna,26150.0,8.02527646129542
Villa Rica,34868.0,0.6542361792607131
Village,35985.0,0.2540220152413209
Villalba,25549.0,0.0
Vincennes,26997.0,0.05953393434257527
Vineland,44226.0,2.798714254045666
Virginia Beach,438856.0,0.8792081525030712
Visalia,145573.0,1.004104643284777
Vista,113722.0,2.058995394339451
WAPPINGERS FL,35148.0,7.128081847151563
WARRENSVL HTS,64162.0,6.518333621601419
WASHINGTON TR,31541.0,1.7214503558115892
WDM,33016.0,0.7014082963450052
WESLEYAN COL,29358.0,0.34879948085658663
WHT SETTLEMT,40093.0,0.09555902026857115
WILOUGHBY HLS,35408.0,0.8920800696257616
WISC RAPIDS,26354.0,0.024125452352231604
Waco,26046.0,0.7816526370039512
Wadsworth,30393.0,0.3626979144869917
Wahiawa,45280.0,4.648147224577328
Wahneta,37577.0,0.48834765407677566
Waianae,47774.0,10.431928734689093
Wailuku,31627.0,2.888283378746594
Wake Forest,56996.0,0.33284715209992893
Wakefield,25460.0,7.871509188250615
Waldo,26177.0,1.1726602635693544
Waldorf,25881.0,7.365460063661263
Wall Township,37820.0,2.4172422005239342
Walla Walla,41952.0,1.2834285068129134
Walnut Creek,26974.0,16.727836228692603
Waltham,28959.0,8.051212606179982
Walton Hills,29551.0,3.091368725171542
Wanamaker,27196.0,0.6902305825242718
Wantagh,32710.0,11.988322650250682
Wardsville,30052.0,0.2034747221787447
Warner Robins,79561.0,0.07293092642621166
Warren,113821.0,1.1816059232291576
Warren Air Force Base,36650.0,0.4505482575181848
Warren Park,34829.0,2.110085823062528
Warrensburg,28074.0,0.0
Warwick,98155.0,1.9797249210271008
Wasco,27390.0,0.3597122302158273
Washington,299867.0,26.589006112105256
Wasilla,55319.0,1.2999560825647782
Watauga,55272.0,0.2989942919271541
Waterbury,54818.0,4.281577801659504
Waterloo,29343.0,0.5820802439193403
Watertown,96463.0,5.437066348644056
Watson,45200.0,0.5694813984969426
Waukegan,71112.0,2.8534201954397393
Waukesha,26444.0,0.6062376743846323
Wausau,30896.0,0.5017594161344976
Waxahachie,39270.0,0.8254003191547901
Wayne,55003.0,6.836355445433044
Waynesboro,59413.0,0.3376787981740752
Weatherby Lake,27169.0,0.36146253301821213
Webster,50946.0,0.6014059896785728
Weldon Spring,39863.0,0.1475979621958768
Wenatchee,41526.0,1.2691638119840511
Wentzville,36777.0,0.12742382271468145
West Babylon,40685.0,6.439628482972136
West Bend,27221.0,0.6789250353606789
West Bloomfield Township,32478.0,0.16850903208411971
West Bradford Township,46785.0,3.803435876947663
West Bronx,277955.0,65.54983153952803
West Chester,104474.0,2.912576703432012
West Chester Township,50095.0,0.7883637510347274
West Chicago,36259.0,2.4609775549732253
West Covina,109335.0,3.5709148862865665
West Fargo,28728.0,0.6783934682115627
West Hanover Township,33600.0,0.5432974830912518
West Haven,55290.0,5.813864419762543
West Islip,25536.0,6.629834254143646
West Jordan,73475.0,2.6597038880084325
West Lafayette,69529.0,4.901481274455003
West Linda,26979.0,0.7873166522864539
West Linn,28983.0,1.4075067024128687
West Los Angeles,45284.0,10.642319626234887
West Memphis,25652.0,1.2764564695614227
West Menlo Park,40945.0,3.8441929234220455
West Mifflin,29894.0,6.503656962569912
West Monroe,32517.0,0.16154044972861203
West New York,62908.0,43.999870407568196
West Orange,46661.0,15.168417866562892
West Palm Beach,202459.0,2.7158172473874806
West Philadelphia,85944.0,38.964793495231895
West Sacramento,35929.0,2.0168591945051513
West San Jose,40530.0,2.332034793745664
West Seneca,40002.0,1.1183644552401195
West Springfield,57583.0,5.506762829956934
West Valley City,44909.0,2.160654342584275
West Warwick,29489.0,2.284465633690902
West York,35745.0,1.4213019828040008
Westbury,45972.0,10.240141000220312
Westchester,41453.0,2.0914166745528533
Westerville,88241.0,0.513850568781355
Westfield,133598.0,4.030808518807045
Westgate,35918.0,0.5444936742646667
Westlake,114331.0,19.285152301711882
Westland,83195.0,0.7316746127970882
Westminster,306522.0,3.2055945849325815
Westport,27313.0,19.126338329764454
Westside,201243.0,5.11693152658805
Westwego,31064.0,1.3438602385351923
Westwood,26753.0,8.136311756073699
Wethersfield,26579.0,1.8122823678379234
Wheaton,111155.0,12.408290373827315
Wheeling,37912.0,2.6719398090093565
White Hall,41801.0,0.8608172578303257
Whitehall,59127.0,3.3729440344577584
Whittier,108320.0,3.120461958273028
Wichita,157918.0,0.5655015529886211
Wildomar,31139.0,0.5424954792043399
Williams Township,41903.0,3.5687573458702855
Williamsburg,87784.0,1.3647549769381242
Williamsport,44721.0,3.2913743293437885
Williamstown,40075.0,1.4948172394980905
Williamsville,54109.0,1.0109906942902003
Willingboro,31718.0,6.296483500613763
Willoughby,33509.0,0.7906758814571864
Willowbrook,54764.0,2.62059345226403
Wilmette,27345.0,21.56930224554762
Wilmington,252736.0,3.25588856523673
Wilson,40023.0,0.2546509160359341
Winchester,83602.0,0.6137587345988672
Winder,39414.0,0.06616541353383458
Windermere,31740.0,0.3169879673955234
Windsor,58861.0,1.8481410256447675
Windsor Hills,43118.0,7.2462928637627435
Winfield,60326.0,1.427377802534466
Winnetka,48707.0,5.947667412635566
Winona,35462.0,1.8459807731642464
Winston-Salem,235983.0,1.2929432842312782
Winter Garden,50440.0,0.08907363420427554
Winter Haven,30954.0,1.1593910676479484
Winter Springs,43320.0,0.0
Woburn,39315.0,4.713441515805272
Wolcott,27515.0,4.179289986794065
Woodbridge,198432.0,6.773941903848228
Woodburn,28907.0,1.269014202874191
Woodbury,35212.0,3.370245546461242
Woodhaven,85534.0,29.673908865391233
Woodland,38790.0,1.7664670658682635
Woodland Hills,69004.0,1.541235630600887
Woodland Park,26639.0,6.048141377209019
Woodside,88939.0,68.2676353199695
Woodstock,123686.0,1.5091682659244572
Woodville,75390.0,0.5965668539758294
Woonsocket,41136.0,1.13762974256729
Wooster,43476.0,0.22968284220300053
Worcester,62015.0,3.6307601561604645
Wyandotte,25470.0,1.0852976089537052
Wylie,49571.0,0.5963551440844072
Wyoming,30578.0,1.453532158457599
YPG,49624.0,0.5764988971325447
YSLETA SUR,94566.0,1.5140003154820127
Yabucoa,36962.0,0.17379679144385027
Yakima,112630.0,1.241993880912694
Yalesville,45193.0,1.1009711989283322
Yardley,51148.0,5.698564777405825
Yauco,40276.0,1.1481440196187715
Yonkers,158031.0,25.301721327237594
Yorba Linda,48649.0,1.1751904243743199
York,130080.0,1.006112275759447
Yorktown Heights,29699.0,6.967471143756558
Youngstown,61467.0,0.6863686931376902
Ypsilanti,101236.0,3.7877078106126625
Yuba City,77059.0,1.4108397429444912
Yucca Valley,25045.0,0.5020431990659662
Yukon,61147.0,0.12517293629356346
Yuma,72980.0,0.7047142956328543
Zachary,25462.0,0.26088521050737673
Zeeland,29038.0,0.13233040813483773
Zion,31717.0,1.7388784234168961
Zionsville,26493.0,0.07571742257893542
