country,city,count,locations,firstUpdated,lastUpdated,parameters
US,007,1372,5,2018-08-09T09:00:00+00:00,2018-11-09T23:00:00+00:00,['pm25']
US,019,704,1,2020-09-18T16:00:00+00:00,2020-10-23T17:00:00+00:00,['pm25']
US,037,2683,23,2017-08-28T20:00:00+00:00,2020-10-28T20:00:00+00:00,['pm25']
US,039,380,1,2017-08-28T20:00:00+00:00,2018-08-07T21:00:00+00:00,['pm25']
US,047,101,1,2018-09-06T18:00:00+00:00,2018-09-13T18:00:00+00:00,['pm25']
US,051,330,7,2017-08-28T20:00:00+00:00,2019-07-26T15:00:00+00:00,['pm25']
US,077,670334,1,2020-09-18T22:00:00+00:00,2021-01-04T15:00:00+00:00,['pm25']
US,ABBEVILLE,4619,1,2016-03-06T19:00:00+00:00,2017-01-10T18:00:00+00:00,['o3']
US,Aberdeen,43018851,2,2016-03-06T19:00:00+00:00,2021-02-01T10:00:00+00:00,['pm25']
US,ADA,29956005,2,2016-03-06T19:00:00+00:00,2021-02-01T11:00:00+00:00,"['co', 'no2', 'pm25']"
US,ADAIR,32778896,1,2016-03-06T19:00:00+00:00,2021-02-01T11:00:00+00:00,"['co', 'o3', 'pm10', 'pm25', 'so2']"
US,ADAMS,28230007,2,2016-03-06T19:00:00+00:00,2021-02-01T10:00:00+00:00,"['pm25', 'so2']"
US,Adrian,30420094,1,2016-03-06T19:00:00+00:00,2021-02-01T11:00:00+00:00,"['o3', 'pm25']"
US,Akron,89012191,4,2016-03-06T19:00:00+00:00,2021-02-01T11:00:00+00:00,"['co', 'o3', 'pm25', 'so2']"
US,ALAMEDA,138178595,1,2016-07-25T22:00:00+00:00,2021-02-01T08:00:00+00:00,"['bc', 'co', 'no2', 'o3', 'pm25']"
US,Albany,24827728,1,2019-04-05T17:00:00+00:00,2021-02-01T11:00:00+00:00,['pm25']
US,Albany-Lebanon,60300633,2,2016-03-10T08:00:00+00:00,2021-02-01T11:00:00+00:00,['pm25']
US,Albany-Schenectady-Troy,58998285,3,2016-03-10T07:00:00+00:00,2021-02-01T10:00:00+00:00,"['o3', 'pm25']"
US,Albuquerque,579094846,7,2016-03-06T19:00:00+00:00,2021-02-01T11:00:00+00:00,"['co', 'no2', 'o3', 'pm10', 'pm25', 'so2']"
US,ALEXANDER,41224,1,2016-03-28T21:00:00+00:00,2020-11-03T15:00:00+00:00,"['o3', 'pm10']"
US,Allegan,29715900,1,2016-04-04T14:00:00+00:00,2021-02-01T11:00:00+00:00,"['o3', 'pm25']"
US,ALLEGANY,32122,2,2017-08-10T21:00:00+00:00,2020-05-08T16:00:00+00:00,['so2']
US,Allentown-Bethlehem-Easton,116272910,3,2016-03-06T19:00:00+00:00,2021-02-01T12:00:00+00:00,"['o3', 'pm25']"
US,Altoona,58678630,1,2016-03-06T19:00:00+00:00,2021-02-01T12:00:00+00:00,"['o3', 'pm25']"
US,AMADOR,25500192,2,2016-03-06T19:00:00+00:00,2021-02-01T08:00:00+00:00,['o3']
US,Amarillo,25262749,2,2016-03-06T19:00:00+00:00,2021-02-01T03:00:00+00:00,"['o3', 'pm25']"
US,Americus,22297,1,2016-03-06T19:00:00+00:00,2020-11-04T16:00:00+00:00,['o3']
US,Ames,4773,1,2016-04-01T12:00:00+00:00,2016-11-03T16:00:00+00:00,['o3']
US,Anchorage,150005877,3,2016-03-06T19:00:00+00:00,2021-02-01T11:00:00+00:00,"['co', 'pm10', 'pm25']"
US,ANCHORAGE,828,1,2018-06-19T17:00:00+00:00,2018-07-12T16:00:00+00:00,"['pm10', 'pm25']"
US,Anderson,58522484,3,2016-03-06T19:00:00+00:00,2021-02-01T11:00:00+00:00,"['o3', 'pm25']"
US,ANDERSON,21946,2,2017-03-13T03:00:00+00:00,2020-11-05T16:00:00+00:00,['o3']
US,ANDREW,22223,1,2016-03-06T19:00:00+00:00,2020-11-04T14:00:00+00:00,['o3']
US,Ann Arbor,48743393,2,2016-03-06T19:00:00+00:00,2021-02-01T11:00:00+00:00,"['o3', 'pm25']"
US,ANNE ARUNDEL,1772,1,2018-06-05T17:00:00+00:00,2018-08-29T12:00:00+00:00,['o3']
US,Appleton,30407625,1,2016-03-06T19:00:00+00:00,2021-02-01T11:00:00+00:00,"['o3', 'pm25']"
US,ARAPAHOE,26051460,1,2016-03-06T19:00:00+00:00,2021-02-01T10:00:00+00:00,['o3']
US,ARCHULETA,29371591,1,2017-12-19T13:00:00+00:00,2021-02-01T12:00:00+00:00,"['no2', 'o3', 'so2']"
US,Ardmore,52194981,2,2016-03-10T07:00:00+00:00,2021-02-01T11:00:00+00:00,"['o3', 'pm10', 'pm25']"
US,Arkadelphia,24678954,1,2016-03-13T08:00:00+00:00,2021-02-01T03:00:00+00:00,['o3']
US,AROOSTOOK,220386633,5,2016-03-06T19:00:00+00:00,2021-02-01T11:00:00+00:00,"['co', 'no2', 'o3', 'pm10', 'pm25', 'so2']"
US,Asheville,30399219,7,2016-03-06T19:00:00+00:00,2021-02-01T12:00:00+00:00,"['o3', 'pm25', 'so2']"
US,ASHLAND,59407485,1,2016-03-06T19:00:00+00:00,2021-02-01T11:00:00+00:00,"['o3', 'pm25']"
US,Ashtabula,29338222,1,2016-03-06T19:00:00+00:00,2021-02-01T11:00:00+00:00,"['o3', 'so2']"
US,ASOTIN,27828837,1,2016-03-06T19:00:00+00:00,2021-02-01T10:00:00+00:00,['pm25']
US,Athens,26249613,2,2016-03-06T19:00:00+00:00,2021-02-01T10:00:00+00:00,"['co', 'no2', 'o3', 'pm25', 'so2']"
US,Athens-Clarke County,59805578,1,2016-03-06T19:00:00+00:00,2021-02-01T11:00:00+00:00,"['o3', 'pm10', 'pm25']"
US,Atlanta,794,1,2014-01-18T14:00:00+00:00,2014-03-13T12:00:00+00:00,['pm25']
US,Atlanta-Sandy Springs-Marietta,415200114,13,2016-03-06T19:00:00+00:00,2021-02-01T11:00:00+00:00,"['co', 'no2', 'o3', 'pm10', 'pm25', 'so2']"
US,Atlantic City,74865517,1,2016-03-06T19:00:00+00:00,2021-02-01T10:00:00+00:00,"['o3', 'pm25', 'so2']"
US,Augusta-Richmond County,135141466,4,2016-03-06T19:00:00+00:00,2021-02-01T11:00:00+00:00,"['o3', 'pm10', 'pm25', 'so2']"
US,Augusta-Waterville,65758,2,2016-03-06T19:00:00+00:00,2020-10-02T11:00:00+00:00,"['no2', 'o3', 'so2']"
US,Austin-Round Rock,58205422,11,2016-03-06T19:00:00+00:00,2021-02-01T11:00:00+00:00,"['o3', 'pm25']"
US,AVERY,24178991,3,2016-04-01T11:00:00+00:00,2021-02-01T03:00:00+00:00,['o3']
US,BAKER,30158812,1,2016-03-10T08:00:00+00:00,2021-02-01T11:00:00+00:00,['pm25']
US,Bakersfield,403018389,15,2016-03-06T19:00:00+00:00,2021-02-01T10:00:00+00:00,"['co', 'no2', 'o3', 'pm10', 'pm25']"
US,BALTIMORE,29854514,2,2016-03-06T19:00:00+00:00,2021-02-01T11:00:00+00:00,"['no2', 'o3']"
US,Baltimore-Towson,279367469,10,2016-03-06T19:00:00+00:00,2021-02-01T11:00:00+00:00,"['co', 'no2', 'o3', 'pm25', 'so2']"
US,Bangor,42049,3,2016-03-06T19:00:00+00:00,2020-10-02T12:00:00+00:00,"['o3', 'pm25']"
US,BANNOCK,29327788,1,2016-03-06T19:00:00+00:00,2021-02-01T12:00:00+00:00,"['pm10', 'pm25']"
US,Baraboo,58852708,1,2016-03-06T19:00:00+00:00,2021-02-01T11:00:00+00:00,"['o3', 'pm10', 'pm25']"
US,Barnstable Town,25982563,1,2016-03-10T07:00:00+00:00,2021-02-01T10:00:00+00:00,['o3']
US,BARTHOLOMEW,5,1,2016-03-13T05:00:00+00:00,2016-10-27T23:00:00+00:00,['pm25']
US,Baton Rouge,311586610,9,2016-03-06T19:00:00+00:00,2021-02-01T12:00:00+00:00,"['o3', 'pm25']"
US,BAYAMON,11616,1,2016-08-17T18:00:00+00:00,2019-08-30T14:00:00+00:00,"['o3', 'pm25']"
US,Bay City,30371657,1,2016-03-06T19:00:00+00:00,2021-02-01T11:00:00+00:00,['pm25']
US,BEAUFORT,24769561,1,2016-03-06T19:00:00+00:00,2021-02-01T08:00:00+00:00,['so2']
US,Beaumont-Port Arthur,207997986,10,2016-03-06T19:00:00+00:00,2021-02-01T11:00:00+00:00,"['o3', 'pm25']"
US,BECKER,30395872,1,2016-03-06T19:00:00+00:00,2021-02-01T11:00:00+00:00,"['o3', 'pm25']"
US,Bellingham,46611466,3,2016-03-06T19:00:00+00:00,2021-02-01T07:00:00+00:00,"['o3', 'pm25']"
US,BELMONT,58741844,1,2016-03-06T19:00:00+00:00,2021-02-01T11:00:00+00:00,"['co', 'no2', 'so2']"
US,BELTRAMI,30179649,1,2016-03-12T05:00:00+00:00,2021-02-01T11:00:00+00:00,['pm25']
US,Bend,46505321,2,2016-03-10T08:00:00+00:00,2021-02-01T11:00:00+00:00,['pm25']
US,BENEWAH,47348014,2,2016-03-06T19:00:00+00:00,2021-02-01T12:00:00+00:00,['pm25']
US,Bennington,56942909,1,2016-03-06T19:00:00+00:00,2021-02-01T11:00:00+00:00,"['o3', 'pm25']"
US,BERKELEY,4705,1,2020-03-04T15:00:00+00:00,2020-11-05T17:00:00+00:00,['o3']
US,BERKS,21622137,1,2016-03-06T19:00:00+00:00,2021-01-29T20:00:00+00:00,['o3']
US,BERKSHIRE,80690246,3,2017-10-03T21:00:00+00:00,2021-02-01T10:00:00+00:00,"['o3', 'pm25']"
US,Berlin,33073,4,2016-03-06T19:00:00+00:00,2020-10-06T13:00:00+00:00,['o3']
US,BERNALILLO,9292,1,2018-09-06T15:00:00+00:00,2020-07-17T12:00:00+00:00,['pm10']
US,BETHEL,24152,1,2018-06-20T15:00:00+00:00,2020-06-26T00:00:00+00:00,"['pm10', 'pm25']"
US,BIG HORN,29588070,1,2016-03-06T19:00:00+00:00,2021-02-01T10:00:00+00:00,['o3']
US,Billings,8612,1,2016-03-10T07:00:00+00:00,2017-11-28T22:00:00+00:00,['pm25']
US,Birmingham,168,1,2017-03-14T00:00:00+00:00,2017-05-03T00:00:00+00:00,['ch4']
US,Birmingham-Hoover,274745312,12,2016-03-06T19:00:00+00:00,2021-02-01T10:00:00+00:00,"['o3', 'pm10', 'pm25', 'so2']"
US,Bishop,574959137,19,2016-03-06T19:00:00+00:00,2021-02-01T12:00:00+00:00,"['co', 'o3', 'pm10', 'pm25', 'so2']"
US,Blacksburg-Christiansburg-Radford,17759,1,2016-08-28T13:00:00+00:00,2020-08-10T11:00:00+00:00,['o3']
US,BLAINE,29171086,1,2016-04-21T20:00:00+00:00,2021-02-01T11:00:00+00:00,['pm25']
US,Bloomington,30026060,2,2016-03-06T19:00:00+00:00,2021-02-01T11:00:00+00:00,"['o3', 'pm25']"
US,Bloomington-Normal,29611903,1,2016-03-06T19:00:00+00:00,2021-02-01T10:00:00+00:00,"['o3', 'pm25']"
US,BOISE,59877286,2,2016-03-06T19:00:00+00:00,2021-02-01T11:00:00+00:00,['pm25']
US,Boise City-Nampa,266676406,5,2016-03-06T19:00:00+00:00,2021-02-01T11:00:00+00:00,"['co', 'no2', 'o3', 'pm10', 'pm25', 'so2']"
US,BOLIVAR,30532272,1,2018-02-17T17:00:00+00:00,2021-02-01T11:00:00+00:00,"['o3', 'pm25']"
US,BONNER,57384240,1,2016-03-06T19:00:00+00:00,2021-02-01T11:00:00+00:00,"['pm10', 'pm25']"
US,Boston,2349,1,2013-03-07T00:00:00+00:00,2013-06-26T00:00:00+00:00,['ch4']
US,Boston-Cambridge-Quincy,519326167,19,2016-03-06T19:00:00+00:00,2021-02-01T11:00:00+00:00,"['co', 'no2', 'o3', 'pm10', 'pm25', 'so2']"
US,Boulder,54944713,2,2016-03-06T19:00:00+00:00,2021-02-01T10:00:00+00:00,['pm25']
US,BOULDER,27701453,1,2016-12-28T14:00:00+00:00,2021-02-01T10:00:00+00:00,['o3']
US,BOUNDARY,25187401,3,2016-03-06T19:00:00+00:00,2021-02-01T11:00:00+00:00,['pm25']
US,Bowling Green,29557717,1,2016-03-06T19:00:00+00:00,2021-02-01T10:00:00+00:00,"['o3', 'pm25']"
US,BRADFORD,59343758,1,2016-03-06T19:00:00+00:00,2021-02-01T12:00:00+00:00,"['o3', 'pm25']"
US,Brainerd,30159078,1,2016-03-10T07:00:00+00:00,2021-02-01T11:00:00+00:00,"['o3', 'pm25']"
US,BREWSTER,12678508,1,2016-03-06T19:00:00+00:00,2021-02-01T10:00:00+00:00,"['o3', 'pm25']"
US,Bridgeport-Stamford-Norwalk,69715473,5,2016-03-06T19:00:00+00:00,2021-02-01T11:00:00+00:00,"['co', 'no2', 'o3', 'pm10', 'pm25', 'so2']"
US,Brigham City,46527,1,2016-03-06T19:00:00+00:00,2019-06-25T15:00:00+00:00,"['no2', 'o3', 'pm25']"
US,BRISTOL,27182005,1,2016-03-10T07:00:00+00:00,2021-02-01T10:00:00+00:00,['o3']
US,BROOKINGS,86488046,1,2016-03-06T19:00:00+00:00,2021-02-01T11:00:00+00:00,"['o3', 'pm10', 'pm25']"
US,BROWN,81426018,2,2016-04-01T07:00:00+00:00,2021-02-01T11:00:00+00:00,"['o3', 'pm10', 'pm25']"
US,Brownsville-Harlingen,15838,2,2016-03-06T19:00:00+00:00,2018-01-05T16:00:00+00:00,"['o3', 'pm25']"
US,Brunswick,22750,1,2016-03-06T19:00:00+00:00,2020-11-10T06:00:00+00:00,['o3']
US,BRUNSWICK,29966968,1,2016-11-10T16:00:00+00:00,2021-02-01T12:00:00+00:00,['so2']
US,BRYAN,8265,1,2017-02-27T16:00:00+00:00,2018-12-06T17:00:00+00:00,['o3']
US,Buffalo-Niagara Falls,107655604,5,2016-03-10T07:00:00+00:00,2021-02-01T10:00:00+00:00,"['o3', 'pm25']"
US,Burlington,14,1,2014-09-29T00:00:00+00:00,2014-10-15T00:00:00+00:00,['ch4']
US,Burlington-South Burlington,195181071,2,2016-03-06T19:00:00+00:00,2021-02-01T11:00:00+00:00,"['co', 'no2', 'o3', 'pm25', 'so2']"
US,BUTLER,89296652,3,2016-03-06T19:00:00+00:00,2021-02-01T11:00:00+00:00,"['pm25', 'so2']"
US,BUTTE,186704603,4,2016-03-06T19:00:00+00:00,2021-02-01T10:00:00+00:00,"['co', 'no2', 'o3', 'pm10', 'pm25']"
US,CA8 - ARB,21288,167,2016-08-08T16:00:00+00:00,2020-12-16T19:00:00+00:00,['pm25']
US,CABELL,7002,2,2019-03-01T13:00:00+00:00,2020-11-02T13:00:00+00:00,['o3']
US,CACHE,37932047,1,2016-03-06T19:00:00+00:00,2021-02-01T11:00:00+00:00,"['no2', 'o3', 'pm10', 'pm25']"
US,CADDO,7914,1,2016-03-10T07:00:00+00:00,2017-06-19T13:00:00+00:00,['o3']
US,Cadillac,88779203,1,2016-03-06T19:00:00+00:00,2021-02-01T11:00:00+00:00,"['no2', 'o3', 'pm25']"
US,CALAVERAS,80226419,2,2016-03-06T19:00:00+00:00,2021-02-01T08:00:00+00:00,"['o3', 'pm10', 'pm25']"
US,Cambridge,25450156,1,2016-06-09T19:00:00+00:00,2021-02-01T03:00:00+00:00,['o3']
US,CAMERON,19445,1,2016-03-06T19:00:00+00:00,2019-10-02T15:00:00+00:00,['pm25']
US,Canton-Massillon,30527108,5,2016-03-06T19:00:00+00:00,2021-02-01T11:00:00+00:00,"['co', 'o3', 'pm25']"
US,Cape Coral-Fort Myers,82631954,3,2016-03-06T19:00:00+00:00,2021-02-01T03:00:00+00:00,"['o3', 'pm10', 'pm25']"
US,CARBON,56691641,3,2016-03-06T19:00:00+00:00,2021-02-01T11:00:00+00:00,"['no2', 'o3', 'pm10', 'pm25', 'so2']"
US,CARIBOU,27197484,2,2016-03-06T19:00:00+00:00,2021-02-01T11:00:00+00:00,"['pm25', 'so2']"
US,Carlsbad-Artesia,60554341,1,2016-03-06T19:00:00+00:00,2021-02-01T11:00:00+00:00,"['no2', 'o3']"
US,CARLTON,26996857,1,2016-03-06T19:00:00+00:00,2021-02-01T11:00:00+00:00,"['o3', 'pm25']"
US,CARSON CITY,58796367,1,2016-03-06T19:00:00+00:00,2021-02-01T10:00:00+00:00,"['o3', 'pm25']"
US,CARTER,19046,1,2016-03-06T19:00:00+00:00,2020-10-30T15:00:00+00:00,['o3']
US,CASCADE,29594837,1,2016-03-10T07:00:00+00:00,2021-02-01T10:00:00+00:00,['pm25']
US,Casper,53927175,2,2016-12-02T07:00:00+00:00,2021-02-01T10:00:00+00:00,"['no2', 'o3', 'pm10', 'pm25', 'so2']"
US,CASS,28631836,1,2018-01-03T14:00:00+00:00,2021-02-01T11:00:00+00:00,['pm25']
US,CASWELL,1499501,2,2016-03-06T19:00:00+00:00,2021-01-08T15:00:00+00:00,"['o3', 'pm10']"
US,CATANO,23542,1,2016-05-04T11:00:00+00:00,2020-03-09T12:00:00+00:00,"['pm10', 'pm25']"
US,CEDAR,27977984,2,2016-03-06T19:00:00+00:00,2021-02-01T12:00:00+00:00,"['o3', 'pm25']"
US,Cedar Rapids,60777428,6,2016-03-06T19:00:00+00:00,2021-02-01T11:00:00+00:00,"['co', 'o3', 'pm25', 'so2']"
US,Chambersburg,19985003,1,2016-03-06T19:00:00+00:00,2021-02-01T12:00:00+00:00,['o3']
US,CHAMPAIGN,29576077,1,2016-03-06T19:00:00+00:00,2021-02-01T10:00:00+00:00,['pm25']
US,Champaign-Urbana,66168812,2,2016-03-06T19:00:00+00:00,2021-02-01T03:00:00+00:00,"['co', 'o3', 'so2']"
US,CHARLESTON,83207833,1,2020-06-15T17:00:00+00:00,2021-02-01T11:00:00+00:00,"['no2', 'pm25', 'so2']"
US,Charleston-North Charleston,217724721,4,2016-03-06T19:00:00+00:00,2021-02-01T11:00:00+00:00,"['no2', 'o3', 'pm10', 'pm25', 'so2']"
US,Charlotte-Gastonia-Concord,221169415,9,2016-03-06T19:00:00+00:00,2021-02-01T12:00:00+00:00,"['o3', 'pm10', 'pm25']"
US,Charlottesville,57766965,1,2016-03-06T19:00:00+00:00,2021-02-01T10:00:00+00:00,"['o3', 'pm25']"
US,Chattanooga,29479823,4,2016-03-06T19:00:00+00:00,2021-02-01T11:00:00+00:00,"['o3', 'pm10', 'pm25']"
US,CHAUTAUQUA,26791534,1,2016-03-11T15:00:00+00:00,2021-02-01T10:00:00+00:00,['o3']
US,CHELAN,57649820,3,2016-03-06T19:00:00+00:00,2021-02-01T10:00:00+00:00,['pm25']
US,CHESTERFIELD,39202999,1,2016-03-07T14:00:00+00:00,2021-02-01T11:00:00+00:00,"['o3', 'pm25']"
US,Cheyenne,149141445,4,2016-09-14T02:00:00+00:00,2021-02-01T10:00:00+00:00,"['co', 'no2', 'o3', 'pm10', 'pm25', 'so2']"
US,Chicago,402,1,2014-09-16T00:00:00+00:00,2014-12-27T00:00:00+00:00,['ch4']
US,Chicago-Naperville-Joliet,590915255,26,2016-03-06T19:00:00+00:00,2021-02-01T11:00:00+00:00,"['bc', 'co', 'no2', 'o3', 'pm10', 'pm25', 'so2']"
US,Chico,50166354,3,2016-03-06T19:00:00+00:00,2021-02-01T08:00:00+00:00,"['o3', 'pm25']"
US,CHIHUAHUA STATE,803,1,2017-10-18T23:00:00+00:00,2018-01-26T01:00:00+00:00,"['co', 'o3']"
US,CHURCHILL,29613853,1,2016-03-06T19:00:00+00:00,2021-02-01T10:00:00+00:00,['o3']
US,Cincinnati-Middletown,433578379,12,2016-03-06T19:00:00+00:00,2021-02-01T11:00:00+00:00,"['co', 'no2', 'o3', 'pm10', 'pm25', 'so2']"
US,City of The Dalles,30163310,1,2016-03-10T08:00:00+00:00,2021-02-01T11:00:00+00:00,"['o3', 'pm25']"
US,CLACKAMAS,29793253,2,2016-07-22T16:00:00+00:00,2021-02-01T11:00:00+00:00,['pm25']
US,CLAIBORNE,23461782,1,2016-04-01T04:00:00+00:00,2021-02-01T03:00:00+00:00,['o3']
US,CLALLAM,29644051,1,2016-03-06T19:00:00+00:00,2021-02-01T10:00:00+00:00,['pm25']
US,CLARK,354740795,9,2016-03-06T19:00:00+00:00,2021-02-01T11:00:00+00:00,"['bc', 'co', 'no2', 'o3', 'pm10', 'pm25']"
US,Clarksville,55672407,4,2016-03-10T07:00:00+00:00,2021-02-01T10:00:00+00:00,"['o3', 'pm25']"
US,Cleveland,8767,1,2016-03-06T19:00:00+00:00,2017-11-01T11:00:00+00:00,['o3']
US,Cleveland-Elyria-Mentor,317006110,14,2016-03-06T19:00:00+00:00,2021-02-01T11:00:00+00:00,"['co', 'no2', 'o3', 'pm10', 'pm25', 'so2']"
US,Clinton,57805091,2,2016-03-06T19:00:00+00:00,2021-01-31T11:00:00+00:00,"['o3', 'pm25', 'so2']"
US,CLINTON,17687,1,2017-02-27T12:00:00+00:00,2020-11-04T12:00:00+00:00,['o3']
US,COCONINO,29414578,1,2020-02-25T16:00:00+00:00,2021-02-01T10:00:00+00:00,"['o3', 'pm25']"
US,CODINGTON,1557655,1,2016-03-06T19:00:00+00:00,2021-01-31T20:00:00+00:00,"['o3', 'pm10', 'pm25']"
US,Coeur d'Alene,25632,1,2016-03-06T19:00:00+00:00,2019-12-17T14:00:00+00:00,['pm25']
US,Colorado Springs,134822980,4,2016-03-06T19:00:00+00:00,2021-02-01T10:00:00+00:00,"['co', 'o3', 'pm25', 'so2']"
US,Columbia,163363806,7,2016-03-06T19:00:00+00:00,2021-02-01T11:00:00+00:00,"['co', 'no2', 'o3', 'pm10', 'pm25', 'so2']"
US,COLUMBIA,55942626,2,2016-03-06T19:00:00+00:00,2021-02-01T10:00:00+00:00,"['o3', 'pm25']"
US,Columbus,174730550,13,2016-03-06T19:00:00+00:00,2021-02-01T11:00:00+00:00,"['co', 'no2', 'o3', 'pm25', 'so2']"
US,COLUSA,64105839,3,2016-03-06T19:00:00+00:00,2021-02-01T08:00:00+00:00,"['o3', 'pm10', 'pm25']"
US,Concord,30893,2,2016-03-06T19:00:00+00:00,2020-10-07T10:00:00+00:00,"['o3', 'so2']"
US,CONVERSE,106868178,2,2016-03-30T19:00:00+00:00,2021-02-01T10:00:00+00:00,"['co', 'no2', 'o3', 'pm10', 'pm25']"
US,COOK,53356549,2,2016-03-06T19:00:00+00:00,2021-02-01T11:00:00+00:00,['pm25']
US,Cookeville,25918784,1,2017-02-27T21:00:00+00:00,2021-02-01T10:00:00+00:00,['pm25']
US,COOS,60240447,2,2018-12-15T21:00:00+00:00,2021-02-01T12:00:00+00:00,['pm25']
US,Corning,26870250,1,2016-03-22T10:00:00+00:00,2021-02-01T10:00:00+00:00,"['o3', 'pm25']"
US,Corpus Christi,87995333,3,2016-03-06T19:00:00+00:00,2021-02-01T11:00:00+00:00,"['o3', 'pm25']"
US,Corsicana,58593655,1,2016-03-06T19:00:00+00:00,2021-02-01T11:00:00+00:00,"['o3', 'pm25']"
US,Corvallis,30155574,1,2016-03-10T08:00:00+00:00,2021-02-01T11:00:00+00:00,['pm25']
US,COTTON,5709,1,2016-03-06T19:00:00+00:00,2016-12-06T18:00:00+00:00,['o3']
US,CURRY,2370,1,2020-07-30T22:00:00+00:00,2020-12-11T12:00:00+00:00,['pm25']
US,CUSTER,88350197,2,2016-03-06T19:00:00+00:00,2021-02-01T11:00:00+00:00,"['o3', 'pm10', 'pm25']"
US,CUYAHOGA,59450468,2,2016-03-06T19:00:00+00:00,2021-02-01T11:00:00+00:00,['so2']
US,DAKOTA,89025757,1,2016-03-06T19:00:00+00:00,2021-02-01T11:00:00+00:00,"['co', 'no2', 'pm25']"
US,Dallas,414,1,2014-12-11T00:00:00+00:00,2016-02-05T00:00:00+00:00,['ch4']
US,Dallas-Fort Worth-Arlington,578320730,19,2016-03-06T19:00:00+00:00,2021-02-01T11:00:00+00:00,"['o3', 'pm25']"
US,Dalton,22376,1,2016-03-06T19:00:00+00:00,2020-10-27T01:00:00+00:00,['o3']
US,Daphne-Fairhope,15578,1,2016-03-06T19:00:00+00:00,2020-11-02T11:00:00+00:00,['o3']
US,Davenport-Moline-Rock Island,173299636,4,2016-03-06T19:00:00+00:00,2021-02-01T10:00:00+00:00,"['co', 'no2', 'o3', 'pm10', 'pm25', 'so2']"
US,Dayton,145470281,7,2016-03-06T19:00:00+00:00,2021-02-01T11:00:00+00:00,"['co', 'o3', 'pm25', 'so2']"
US,Decatur,58090734,2,2016-03-06T19:00:00+00:00,2021-02-01T10:00:00+00:00,"['o3', 'pm25']"
US,DE KALB,24720089,1,2016-03-13T08:00:00+00:00,2021-02-01T03:00:00+00:00,['o3']
US,DEL NORTE,8941,1,2020-09-08T21:00:00+00:00,2021-01-13T22:00:00+00:00,['pm25']
US,DELTA,113758237,1,2018-09-11T14:00:00+00:00,2021-02-01T11:00:00+00:00,"['no2', 'o3', 'pm10', 'pm25']"
US,Deltona-Daytona Beach-Ormond Beach,51726039,2,2016-03-06T19:00:00+00:00,2021-02-01T03:00:00+00:00,"['o3', 'pm25']"
US,Deming,30294351,1,2017-01-13T16:00:00+00:00,2021-02-01T11:00:00+00:00,['pm10']
US,DENVER,74083045,2,2016-12-28T15:00:00+00:00,2021-02-01T10:00:00+00:00,"['no2', 'pm10', 'pm25']"
US,Denver-Aurora,714826134,12,2016-03-06T19:00:00+00:00,2021-02-01T10:00:00+00:00,"['co', 'no2', 'o3', 'pm10', 'pm25', 'so2']"
US,DESCHUTES,89862139,3,2016-03-10T08:00:00+00:00,2021-02-01T11:00:00+00:00,['pm25']
US,Des Moines,29963805,2,2016-03-06T19:00:00+00:00,2021-02-01T11:00:00+00:00,"['o3', 'pm25']"
US,Detroit-Warren-Livonia,598025458,11,2016-03-06T19:00:00+00:00,2021-02-01T11:00:00+00:00,"['co', 'no2', 'o3', 'pm10', 'pm25', 'so2']"
US,DEWEY,86568352,1,2016-03-06T19:00:00+00:00,2021-02-01T11:00:00+00:00,"['o3', 'pm10', 'pm25']"
US,Dickinson,58827634,1,2016-03-06T19:00:00+00:00,2021-02-01T10:00:00+00:00,"['o3', 'pm25']"
US,DODGE,144640713,1,2016-03-06T19:00:00+00:00,2021-02-01T11:00:00+00:00,"['co', 'o3', 'pm10', 'pm25', 'so2']"
US,Dodge City,23933217,1,2016-03-06T19:00:00+00:00,2021-02-01T11:00:00+00:00,['pm10']
US,DONA ANA,30031598,1,2017-11-28T08:00:00+00:00,2021-02-01T11:00:00+00:00,['pm25']
US,DOOR,14912,1,2016-04-05T17:00:00+00:00,2020-10-16T13:00:00+00:00,['o3']
US,DORCHESTER,87175928,1,2016-03-06T19:00:00+00:00,2021-02-01T11:00:00+00:00,"['co', 'o3', 'pm25', 'so2']"
US,DOUGLAS,29484228,3,2016-03-06T19:00:00+00:00,2021-02-01T10:00:00+00:00,['pm25']
US,Dover,60173337,1,2016-03-06T19:00:00+00:00,2021-02-01T11:00:00+00:00,"['o3', 'pm25']"
US,DuBois,27747967,1,2016-03-06T19:00:00+00:00,2021-02-01T12:00:00+00:00,['o3']
US,DUCHESNE,138695676,2,2016-03-06T19:00:00+00:00,2021-02-01T11:00:00+00:00,"['no2', 'o3', 'pm25']"
US,DUKES,27146150,1,2016-03-10T07:00:00+00:00,2021-02-01T10:00:00+00:00,['o3']
US,Duluth,111232306,3,2016-03-06T19:00:00+00:00,2021-02-01T11:00:00+00:00,"['o3', 'pm25']"
US,DUNN,145506772,2,2016-03-06T19:00:00+00:00,2021-02-01T10:00:00+00:00,"['no2', 'o3', 'pm10', 'pm25', 'so2']"
US,Durango,148786096,2,2016-03-07T15:00:00+00:00,2021-02-01T12:00:00+00:00,"['co', 'no2', 'o3', 'pm10', 'pm25']"
US,Durham,204214823,4,2016-03-06T19:00:00+00:00,2021-02-01T12:00:00+00:00,"['co', 'no2', 'o3', 'pm10', 'pm25', 'so2']"
US,DUVAL,141184500,6,2017-05-04T13:00:00+00:00,2021-02-01T10:00:00+00:00,"['co', 'no2', 'pm10', 'pm25', 'so2']"
US,Dyersburg,24819157,1,2016-03-10T07:00:00+00:00,2021-02-01T10:00:00+00:00,['pm25']
US,Eagle Pass,12300,1,2016-03-06T19:00:00+00:00,2018-03-28T17:00:00+00:00,['pm25']
US,East Liverpool-Salem,29350742,1,2016-03-06T19:00:00+00:00,2021-02-01T11:00:00+00:00,['so2']
US,East Stroudsburg,28497001,1,2016-03-06T19:00:00+00:00,2021-02-01T12:00:00+00:00,"['o3', 'pm25']"
US,EAU CLAIRE,60798313,1,2016-03-06T19:00:00+00:00,2021-02-01T11:00:00+00:00,"['o3', 'pm10', 'pm25']"
US,EDDY,29561623,1,2020-04-14T14:00:00+00:00,2021-02-01T10:00:00+00:00,['o3']
US,Effingham,21998,1,2016-03-11T15:00:00+00:00,2020-11-02T13:00:00+00:00,['o3']
US,El Centro,363014177,6,2016-03-06T19:00:00+00:00,2021-02-01T11:00:00+00:00,"['co', 'no2', 'o3', 'pm10', 'pm25', 'so2']"
US,El Dorado,19021,1,2016-03-06T19:00:00+00:00,2019-07-15T09:00:00+00:00,['pm25']
US,Elizabethtown,14656725,2,2016-03-07T15:00:00+00:00,2021-02-01T11:00:00+00:00,"['ch4', 'o3', 'pm25']"
US,Elkhart-Goshen,30933151,2,2016-03-06T19:00:00+00:00,2021-02-01T11:00:00+00:00,"['bc', 'o3', 'pm25']"
US,ELKO,29264500,1,2018-07-02T22:00:00+00:00,2021-02-01T10:00:00+00:00,['pm10']
US,Ellensburg,29251765,1,2016-03-06T19:00:00+00:00,2021-02-01T10:00:00+00:00,['pm25']
US,El Paso,270895584,35,2016-03-06T19:00:00+00:00,2021-02-01T11:00:00+00:00,"['co', 'o3', 'pm10', 'pm25']"
US,Erie,63954,1,2016-03-06T19:00:00+00:00,2020-12-28T15:00:00+00:00,"['o3', 'pm25']"
US,ERIE,55198524,2,2016-03-22T08:00:00+00:00,2021-02-01T10:00:00+00:00,['pm25']
US,ESSEX,78968793,3,2016-03-10T07:00:00+00:00,2021-02-01T10:00:00+00:00,"['no2', 'o3', 'pm25']"
US,Eugene-Springfield,156164702,8,2016-03-06T19:00:00+00:00,2021-02-01T11:00:00+00:00,"['o3', 'pm25']"
US,Evanston,69680,1,2016-03-06T20:00:00+00:00,2020-08-25T17:00:00+00:00,"['no2', 'o3', 'pm10', 'pm25']"
US,Evansville,297465366,8,2016-03-06T20:00:00+00:00,2021-02-01T11:00:00+00:00,"['bc', 'co', 'no2', 'o3', 'pm25', 'so2']"
US,Fairbanks,210737869,3,2016-03-06T19:00:00+00:00,2021-02-01T11:00:00+00:00,"['co', 'o3', 'pm10', 'pm25', 'so2']"
US,FAIRFIELD,6687,1,2016-03-06T19:00:00+00:00,2017-01-10T16:00:00+00:00,['so2']
US,Farmington,272813182,3,2016-03-06T19:00:00+00:00,2021-02-01T11:00:00+00:00,"['no2', 'o3', 'pm10', 'so2']"
US,FAYETTE,17372,1,2016-03-06T19:00:00+00:00,2018-12-04T17:00:00+00:00,['pm25']
US,Fayetteville,58989261,4,2016-03-06T19:00:00+00:00,2021-02-01T12:00:00+00:00,"['o3', 'pm10', 'pm25', 'so2']"
US,Fayetteville-Springdale-Rogers,50665037,1,2016-03-06T19:00:00+00:00,2021-02-01T10:00:00+00:00,"['o3', 'pm25']"
US,FERGUS,88607163,1,2016-03-10T07:00:00+00:00,2021-02-01T10:00:00+00:00,"['o3', 'pm10', 'pm25']"
US,FLAGLER,27677176,1,2016-03-06T19:00:00+00:00,2021-02-01T03:00:00+00:00,['o3']
US,Flagstaff,46812962,2,2016-03-06T19:00:00+00:00,2021-02-01T11:00:00+00:00,['o3']
US,FLATHEAD,95641696,3,2016-03-10T07:00:00+00:00,2021-02-01T10:00:00+00:00,"['pm10', 'pm25']"
US,Flint,30440903,2,2016-03-06T19:00:00+00:00,2021-02-01T11:00:00+00:00,"['o3', 'pm25']"
US,Florence,27518362,2,2016-03-06T19:00:00+00:00,2021-02-01T11:00:00+00:00,"['o3', 'pm25']"
US,Florence-Muscle Shoals,12519,1,2016-03-10T07:00:00+00:00,2019-11-01T15:00:00+00:00,['o3']
US,Fond du Lac,16098,1,2016-04-05T17:00:00+00:00,2020-10-20T13:00:00+00:00,['o3']
US,FOREST,87801837,1,2016-03-06T19:00:00+00:00,2021-02-01T11:00:00+00:00,"['no2', 'o3', 'pm25', 'so2']"
US,Fort Collins-Loveland,105590689,3,2016-03-06T19:00:00+00:00,2021-02-01T10:00:00+00:00,"['co', 'o3']"
US,Fort Smith,58802892,1,2016-03-06T19:00:00+00:00,2021-02-01T11:00:00+00:00,"['no2', 'o3', 'pm10', 'pm25']"
US,Fort Walton Beach-Crestview-Destin,2,1,2020-07-13T20:00:00+00:00,2020-07-13T21:00:00+00:00,['o3']
US,Fort Wayne,37084653,2,2016-03-13T05:00:00+00:00,2021-02-01T11:00:00+00:00,"['o3', 'pm25']"
US,FRA,1232,16,2016-03-06T19:00:00+00:00,2020-09-17T16:00:00+00:00,['pm25']
US,FRANKLIN,83823518,4,2016-03-10T07:00:00+00:00,2021-02-01T11:00:00+00:00,"['o3', 'pm25']"
US,Fresno,196700779,4,2016-03-10T07:00:00+00:00,2021-02-01T10:00:00+00:00,"['co', 'no2', 'o3', 'pm25']"
US,FRESNO,263445749,4,2016-03-06T19:00:00+00:00,2021-02-01T10:00:00+00:00,"['co', 'no2', 'o3', 'pm10', 'pm25', 'so2']"
US,FS1 - Forest Service,9244,38,2017-09-29T19:00:00+00:00,2020-06-18T07:00:00+00:00,['pm25']
US,Gadsden,22766,2,2016-03-06T19:00:00+00:00,2020-11-02T13:00:00+00:00,"['o3', 'pm25']"
US,Gainesville,29909763,2,2016-03-06T19:00:00+00:00,2021-02-01T04:00:00+00:00,"['o3', 'pm10', 'pm25']"
US,GALLATIN,115890017,2,2016-03-10T07:00:00+00:00,2021-02-01T10:00:00+00:00,"['co', 'no2', 'pm25']"
US,GALLIA,29014667,1,2016-12-23T22:00:00+00:00,2021-02-01T11:00:00+00:00,['so2']
US,GARFIELD,110556234,4,2016-03-06T19:00:00+00:00,2021-02-01T11:00:00+00:00,"['o3', 'pm25', 'so2']"
US,GARRETT,147713978,1,2016-03-06T19:00:00+00:00,2021-02-01T11:00:00+00:00,"['co', 'no2', 'o3', 'pm25', 'so2']"
US,GBU,45013,92,2016-03-06T20:00:00+00:00,2020-12-03T18:00:00+00:00,"['pm10', 'pm25']"
US,Georgetown,13774,1,2016-03-06T19:00:00+00:00,2019-04-03T16:00:00+00:00,['pm10']
US,Gettysburg,80800048,2,2016-03-06T19:00:00+00:00,2021-02-01T12:00:00+00:00,"['o3', 'pm25']"
US,GILA,100102490,4,2016-03-10T07:00:00+00:00,2021-02-01T11:00:00+00:00,"['o3', 'pm10', 'so2']"
US,GILES,18701207,1,2020-08-11T16:00:00+00:00,2021-02-01T03:00:00+00:00,['o3']
US,Gillette,55123543,3,2016-03-06T20:00:00+00:00,2021-02-01T10:00:00+00:00,"['no2', 'o3', 'pm10', 'pm25']"
US,GILMER,23709641,1,2016-06-09T19:00:00+00:00,2021-02-01T03:00:00+00:00,['o3']
US,GILPIN,27700075,1,2020-04-09T20:00:00+00:00,2021-02-01T10:00:00+00:00,['o3']
US,GLENN,80584306,1,2016-03-06T19:00:00+00:00,2021-02-01T08:00:00+00:00,"['o3', 'pm10', 'pm25']"
US,GOSHEN,3458,2,2016-04-04T22:00:00+00:00,2016-12-19T15:00:00+00:00,"['no2', 'o3', 'pm10', 'pm25', 'so2']"
US,GRADY,2179,1,2017-01-03T14:00:00+00:00,2017-04-14T15:00:00+00:00,['no2']
US,GRAHAM,24730,2,2016-04-01T11:00:00+00:00,2020-11-04T18:00:00+00:00,['o3']
US,Granbury,29852461,1,2016-03-06T19:00:00+00:00,2021-02-01T11:00:00+00:00,['o3']
US,Grand Island,28921735,1,2020-09-04T14:00:00+00:00,2021-02-01T11:00:00+00:00,['pm25']
US,Grand Junction,55581745,3,2016-03-06T19:00:00+00:00,2021-02-01T10:00:00+00:00,"['co', 'o3', 'pm10', 'pm25']"
US,Grand Rapids-Wyoming,87103421,2,2016-03-06T19:00:00+00:00,2021-02-01T11:00:00+00:00,"['co', 'o3', 'pm25', 'so2']"
US,GRANT,67997459,3,2016-03-06T19:00:00+00:00,2021-02-01T11:00:00+00:00,"['no2', 'pm25']"
US,Grants Pass,58976539,2,2016-03-10T08:00:00+00:00,2021-02-01T11:00:00+00:00,['pm25']
US,GRANVILLE,24075,2,2016-03-29T13:00:00+00:00,2020-11-03T11:00:00+00:00,['o3']
US,Greeley,83129113,2,2016-03-06T19:00:00+00:00,2021-02-01T10:00:00+00:00,"['co', 'o3', 'pm25']"
US,Green Bay,59472471,3,2016-03-06T19:00:00+00:00,2021-02-01T11:00:00+00:00,"['o3', 'pm25', 'so2']"
US,GREENBRIER,15137,1,2016-04-01T10:00:00+00:00,2020-11-02T13:00:00+00:00,['o3']
US,GREENE,58683161,3,2016-03-06T19:00:00+00:00,2021-02-01T12:00:00+00:00,"['o3', 'pm25']"
US,Greensboro-High Point,91356701,4,2016-03-06T19:00:00+00:00,2021-02-01T12:00:00+00:00,"['o3', 'pm10', 'pm25', 'so2']"
US,Greenville,164477511,5,2016-03-06T19:00:00+00:00,2021-02-01T12:00:00+00:00,"['no2', 'o3', 'pm10', 'pm25', 'so2']"
US,Gulfport-Biloxi,61606587,2,2016-03-06T19:00:00+00:00,2021-02-01T12:00:00+00:00,"['o3', 'pm25']"
US,GUNNISON,22705891,1,2016-03-10T07:00:00+00:00,2021-02-01T03:00:00+00:00,['o3']
US,Hagerstown-Martinsburg,46125049,2,2016-03-06T19:00:00+00:00,2021-02-01T11:00:00+00:00,"['o3', 'pm25']"
US,HAMILTON,54800475,2,2016-03-06T19:00:00+00:00,2021-02-01T10:00:00+00:00,"['o3', 'pm25']"
US,HAMPDEN,75855726,1,2018-05-21T18:00:00+00:00,2021-02-01T10:00:00+00:00,"['co', 'no2', 'pm25', 'so2']"
US,HANCOCK,84521959,3,2016-03-06T19:00:00+00:00,2021-02-01T10:00:00+00:00,"['o3', 'pm25', 'so2']"
US,Hanford-Corcoran,50287690,1,2016-03-10T07:00:00+00:00,2021-02-01T10:00:00+00:00,"['o3', 'pm10', 'pm25']"
US,HARNEY,30122494,1,2016-03-10T08:00:00+00:00,2021-02-01T11:00:00+00:00,['pm25']
US,Harriman,26208788,1,2017-02-28T13:00:00+00:00,2021-02-01T10:00:00+00:00,['pm25']
US,HARRIS,875,1,2016-03-06T19:00:00+00:00,2016-04-20T07:00:00+00:00,['o3']
US,Harrisburg-Carlisle,118263509,3,2016-03-06T19:00:00+00:00,2021-02-01T12:00:00+00:00,"['o3', 'pm25']"
US,Harrison,21863142,1,2016-03-06T19:00:00+00:00,2021-02-01T10:00:00+00:00,['o3']
US,Harrisonburg,78156109,1,2016-03-06T19:00:00+00:00,2021-02-01T10:00:00+00:00,"['no2', 'o3', 'so2']"
US,HARTFORD,1382,1,2017-10-19T19:00:00+00:00,2018-09-29T16:00:00+00:00,"['o3', 'pm25']"
US,Hartford-West Hartford-East Hartford,111364366,4,2016-03-06T19:00:00+00:00,2021-02-01T11:00:00+00:00,"['co', 'no2', 'o3', 'pm10', 'pm25', 'so2']"
US,Hattiesburg,30766104,1,2016-03-06T19:00:00+00:00,2021-02-01T12:00:00+00:00,['pm25']
US,HAWAII,85700030,3,2016-03-06T19:00:00+00:00,2021-02-01T10:00:00+00:00,"['pm25', 'so2']"
US,HAYWOOD,28298770,3,2016-03-29T15:00:00+00:00,2021-02-01T12:00:00+00:00,"['o3', 'so2']"
US,Helena,27742147,1,2016-03-10T07:00:00+00:00,2021-02-01T10:00:00+00:00,['pm25']
US,HENDERSON,1,1,2020-12-08T13:00:00+00:00,2020-12-08T13:00:00+00:00,['so2']
US,HENNEPIN,60402225,2,2016-03-06T19:00:00+00:00,2021-02-01T11:00:00+00:00,"['pm10', 'pm25']"
US,Hickory-Lenoir-Morganton,31033547,4,2016-03-06T19:00:00+00:00,2021-02-01T12:00:00+00:00,"['o3', 'pm25', 'so2']"
US,HILLSBOROUGH,158922599,5,2016-03-06T19:00:00+00:00,2021-02-01T11:00:00+00:00,"['co', 'no2', 'pm10', 'pm25', 'so2']"
US,Hilo,246709184,8,2016-03-06T19:00:00+00:00,2021-02-01T10:00:00+00:00,"['pm25', 'so2']"
US,Hobbs,88647135,1,2016-03-06T19:00:00+00:00,2021-02-01T11:00:00+00:00,"['no2', 'o3', 'pm25']"
US,Holland-Grand Haven,21641,1,2016-04-04T14:00:00+00:00,2020-11-02T19:00:00+00:00,['o3']
US,HOLMES,55452384,1,2016-03-06T19:00:00+00:00,2021-02-01T03:00:00+00:00,"['o3', 'pm25']"
US,Homosassa Springs,52763625,1,2016-03-06T19:00:00+00:00,2021-02-01T03:00:00+00:00,"['pm25', 'so2']"
US,Honolulu,350513831,4,2016-03-06T19:00:00+00:00,2021-02-01T10:00:00+00:00,"['co', 'no2', 'o3', 'pm10', 'pm25', 'so2']"
US,HOOD RIVER,29752162,2,2017-08-11T19:00:00+00:00,2021-02-01T11:00:00+00:00,['pm25']
US,Houma-Bayou Cane-Thibodaux,61064822,1,2016-03-06T19:00:00+00:00,2021-02-01T12:00:00+00:00,"['o3', 'pm25']"
US,Houston,55639649,59,2016-01-30T00:00:00+00:00,2019-07-11T15:00:00+00:00,"['bc', 'co', 'co2', 'no', 'no2', 'o3', 'pm25', 'so2', 'um025']"
US,Houston-Sugar Land-Baytown,663448313,22,2016-01-30T00:00:00+00:00,2021-02-01T11:00:00+00:00,"['co', 'no2', 'o3', 'pm10', 'pm25', 'so2']"
US,HOWARD,113837053,1,2016-03-06T19:00:00+00:00,2021-02-01T11:00:00+00:00,"['bc', 'co', 'no2', 'pm25']"
US,HUGHES,29670457,1,2016-03-06T19:00:00+00:00,2021-02-01T11:00:00+00:00,['pm25']
US,HUMBOLDT,29628349,2,2018-08-01T22:00:00+00:00,2021-02-01T11:00:00+00:00,"['o3', 'pm10', 'pm25']"
US,Huntington,20805,1,2016-04-01T07:00:00+00:00,2020-01-02T19:00:00+00:00,['o3']
US,Huntington-Ashland,29982837,4,2016-03-06T19:00:00+00:00,2021-02-01T11:00:00+00:00,"['o3', 'pm25']"
US,Huntsville,20709053,1,2016-03-10T07:00:00+00:00,2021-02-01T10:00:00+00:00,"['o3', 'pm25']"
US,HURON,21973,1,2016-04-04T14:00:00+00:00,2020-11-04T12:00:00+00:00,['o3']
US,IDAHO,56485722,3,2016-03-11T15:00:00+00:00,2021-02-01T11:00:00+00:00,"['o3', 'pm25']"
US,Idaho Falls,24722313,2,2016-03-06T19:00:00+00:00,2021-02-01T11:00:00+00:00,['pm25']
US,Indiana,28942413,1,2016-03-06T19:00:00+00:00,2021-02-01T12:00:00+00:00,['o3']
US,Indianapolis,542359668,15,2013-06-13T00:00:00+00:00,2021-02-01T11:00:00+00:00,"['bc', 'ch4', 'co', 'no2', 'o3', 'pm10', 'pm25', 'so2']"
US,INYO,28520031,1,2019-07-09T16:00:00+00:00,2021-02-01T11:00:00+00:00,['pm10']
US,Iowa City,11937946,1,2016-03-06T19:00:00+00:00,2021-01-28T03:00:00+00:00,['pm25']
US,IRON,113747634,3,2016-03-06T19:00:00+00:00,2021-02-01T12:00:00+00:00,"['no2', 'o3', 'pm25', 'so2']"
US,ISLAND,29341987,1,2016-03-06T19:00:00+00:00,2021-02-01T10:00:00+00:00,['pm25']
US,Ithaca,25241744,1,2016-06-09T19:00:00+00:00,2021-02-01T03:00:00+00:00,['o3']
US,Jackson,238045607,6,2016-03-06T19:00:00+00:00,2021-02-01T12:00:00+00:00,"['co', 'no2', 'o3', 'pm10', 'pm25', 'so2']"
US,JACKSON,131446225,3,2016-03-06T19:00:00+00:00,2021-02-01T11:00:00+00:00,"['o3', 'pm10', 'pm25']"
US,Jacksonville,318068136,9,2015-02-12T00:00:00+00:00,2021-02-01T10:00:00+00:00,"['ch4', 'co', 'no2', 'o3', 'pm10', 'pm25']"
US,JEFFERSON,147501066,6,2016-03-06T19:00:00+00:00,2021-02-01T11:00:00+00:00,"['o3', 'pm10', 'pm25']"
US,Jefferson City,22148,2,2016-03-06T19:00:00+00:00,2020-11-06T12:00:00+00:00,['o3']
US,JEROME,30107,1,2016-03-06T19:00:00+00:00,2020-07-31T02:00:00+00:00,['pm25']
US,JERSEY,29546950,2,2017-10-03T21:00:00+00:00,2021-02-01T10:00:00+00:00,"['o3', 'pm25']"
US,JO DAVIESS,25056414,1,2016-04-01T04:00:00+00:00,2021-02-01T03:00:00+00:00,['o3']
US,JOHNSON,82616665,1,2018-05-22T14:00:00+00:00,2021-02-01T10:00:00+00:00,"['no2', 'o3', 'pm10']"
US,JOHNSTON,14781,1,2016-04-22T20:00:00+00:00,2020-12-09T17:00:00+00:00,['o3']
US,Johnstown,59452356,1,2016-03-06T19:00:00+00:00,2021-02-01T12:00:00+00:00,"['o3', 'pm25']"
US,Joplin,28019576,3,2016-03-06T19:00:00+00:00,2021-02-01T12:00:00+00:00,"['o3', 'pm10']"
US,JOSEPHINE,12618128,1,2016-03-10T08:00:00+00:00,2021-01-27T17:00:00+00:00,['pm25']
US,JUNEAU,60705961,1,2016-03-06T19:00:00+00:00,2021-02-01T11:00:00+00:00,"['pm10', 'pm25']"
US,Kahului-Wailuku,25965412,1,2016-03-06T19:00:00+00:00,2021-02-01T10:00:00+00:00,['pm25']
US,Kalamazoo-Portage,30411296,1,2016-03-06T19:00:00+00:00,2021-02-01T11:00:00+00:00,"['o3', 'pm25']"
US,Kalispell,29274494,1,2016-03-06T19:00:00+00:00,2021-02-01T10:00:00+00:00,['o3']
US,KANAWHA,38001925,1,2016-04-01T14:00:00+00:00,2021-02-01T11:00:00+00:00,"['o3', 'pm25']"
US,Kansas City,532749529,15,2016-03-06T19:00:00+00:00,2021-02-01T12:00:00+00:00,"['co', 'no2', 'o3', 'pm10', 'pm25', 'so2']"
US,Keene,59955765,2,2016-03-06T19:00:00+00:00,2021-02-01T11:00:00+00:00,"['o3', 'pm25']"
US,Kennewick-Richland-Pasco,85297823,3,2016-03-06T19:00:00+00:00,2021-02-01T10:00:00+00:00,"['o3', 'pm10', 'pm25']"
US,KENOSHA,18339,2,2016-04-01T15:00:00+00:00,2020-11-02T18:00:00+00:00,['o3']
US,KENT,29854558,1,2016-03-10T07:00:00+00:00,2021-02-01T11:00:00+00:00,"['o3', 'pm25']"
US,KERN,72458888,4,2016-04-07T18:00:00+00:00,2021-02-01T10:00:00+00:00,"['o3', 'pm25']"
US,Killeen-Temple-Fort Hood,56824863,2,2016-03-06T19:00:00+00:00,2021-02-01T11:00:00+00:00,['o3']
US,KING,29636295,1,2017-02-27T20:00:00+00:00,2021-02-01T10:00:00+00:00,['pm25']
US,KINGS,25904135,1,2016-03-10T07:00:00+00:00,2021-02-01T10:00:00+00:00,['pm25']
US,Kingsport-Bristol-Bristol,126847197,7,2017-02-27T22:00:00+00:00,2021-02-01T10:00:00+00:00,"['o3', 'pm25', 'so2']"
US,Kingsville,7789,1,2016-03-06T19:00:00+00:00,2018-03-12T07:00:00+00:00,['pm25']
US,Kinston,30682006,2,2016-03-29T14:00:00+00:00,2021-02-01T12:00:00+00:00,"['o3', 'pm10']"
US,KITSAP,29315264,1,2016-03-06T19:00:00+00:00,2021-02-01T10:00:00+00:00,['pm25']
US,KLAMATH,11495,3,2018-08-10T21:00:00+00:00,2020-10-21T17:00:00+00:00,['pm25']
US,Klamath Falls,30087621,1,2016-03-10T08:00:00+00:00,2021-02-01T11:00:00+00:00,['pm25']
US,KLICKITAT,13946,1,2018-07-23T22:00:00+00:00,2020-10-21T20:00:00+00:00,['pm25']
US,KNOX,25881988,3,2016-03-31T19:00:00+00:00,2021-02-01T03:00:00+00:00,['o3']
US,Knoxville,163228651,7,2016-03-06T19:00:00+00:00,2021-02-01T10:00:00+00:00,"['co', 'o3', 'pm25']"
US,Kokomo,29913808,1,2016-03-13T05:00:00+00:00,2021-02-01T11:00:00+00:00,"['o3', 'pm25']"
US,KOOTENAI,28421876,2,2019-12-23T14:00:00+00:00,2021-02-01T11:00:00+00:00,['pm25']
US,Laconia,29668507,2,2016-04-04T11:00:00+00:00,2021-02-01T11:00:00+00:00,"['o3', 'pm25']"
US,La Crosse,30000728,1,2016-03-06T19:00:00+00:00,2021-02-01T11:00:00+00:00,"['o3', 'pm25']"
US,Lafayette,106118310,4,2016-03-06T19:00:00+00:00,2021-02-01T12:00:00+00:00,"['o3', 'pm25']"
US,La Grande,60253199,4,2016-03-10T08:00:00+00:00,2021-02-01T11:00:00+00:00,['pm25']
US,LAKE,44191740,4,2016-03-06T19:00:00+00:00,2021-02-01T11:00:00+00:00,"['o3', 'pm10', 'pm25']"
US,Lake Charles,83459636,3,2016-03-06T19:00:00+00:00,2021-02-01T12:00:00+00:00,"['o3', 'pm25']"
US,Lake City,53485397,1,2016-03-06T19:00:00+00:00,2021-02-01T03:00:00+00:00,"['o3', 'pm25']"
US,Lake Havasu City-Kingman,28388017,1,2016-03-10T07:00:00+00:00,2021-02-01T11:00:00+00:00,['pm10']
US,Lakeland,127284589,2,2016-03-06T19:00:00+00:00,2021-02-01T03:00:00+00:00,"['o3', 'pm10', 'pm25', 'so2']"
US,Lancaster,113662665,2,2016-03-06T19:00:00+00:00,2021-02-01T12:00:00+00:00,"['o3', 'pm25']"
US,LANCASTER,1320961,1,2018-03-13T22:00:00+00:00,2021-01-07T20:00:00+00:00,['so2']
US,Lansing-East Lansing,118679368,3,2016-03-06T19:00:00+00:00,2021-02-01T11:00:00+00:00,"['no2', 'o3', 'pm25', 'so2']"
US,LA PAZ,80312797,1,2016-03-10T07:00:00+00:00,2021-02-01T11:00:00+00:00,"['o3', 'pm10', 'pm25', 'so2']"
US,Laramie,26416295,4,2016-03-23T22:00:00+00:00,2021-02-01T03:00:00+00:00,"['no2', 'o3', 'pm10', 'pm25', 'so2']"
US,Laredo,29860585,2,2016-03-06T19:00:00+00:00,2021-02-01T11:00:00+00:00,"['o3', 'pm25']"
US,LARIMER,32037700,1,2016-03-06T19:00:00+00:00,2021-02-01T10:00:00+00:00,"['pm10', 'pm25']"
US,Las Cruces,388950983,8,2016-03-06T19:00:00+00:00,2021-02-01T11:00:00+00:00,"['no2', 'o3', 'pm10', 'pm25']"
US,Las Vegas-Paradise,1028340718,16,2016-03-06T19:00:00+00:00,2021-02-01T11:00:00+00:00,"['co', 'no2', 'o3', 'pm10', 'pm25', 'so2']"
US,LATAH,28276,2,2016-07-14T08:00:00+00:00,2020-11-02T20:00:00+00:00,['pm25']
US,Lawrenceburg,23142628,2,2016-03-10T07:00:00+00:00,2021-02-01T10:00:00+00:00,['pm25']
US,Lawton,85644606,1,2016-03-06T19:00:00+00:00,2021-02-01T11:00:00+00:00,"['o3', 'pm10', 'pm25']"
US,Lebanon,83831699,2,2016-08-05T18:00:00+00:00,2021-02-01T11:00:00+00:00,"['o3', 'pm25']"
US,LEBANON,29453032,2,2016-03-06T19:00:00+00:00,2021-02-01T12:00:00+00:00,"['o3', 'pm25']"
US,LEE,59456,1,2016-03-06T19:00:00+00:00,2018-08-09T11:00:00+00:00,"['no2', 'o3', 'pm25', 'so2']"
US,LEMHI,29419134,2,2016-03-06T19:00:00+00:00,2021-02-01T11:00:00+00:00,['pm25']
US,LEWIS,29629449,1,2016-03-06T19:00:00+00:00,2021-02-01T10:00:00+00:00,['pm25']
US,LEWIS AND CLARK,56967535,1,2016-03-10T07:00:00+00:00,2021-02-01T08:00:00+00:00,"['o3', 'pm25']"
US,Lewiston,29978929,1,2016-03-11T15:00:00+00:00,2021-02-01T11:00:00+00:00,['pm25']
US,Lewiston-Auburn,27828440,2,2016-03-06T19:00:00+00:00,2021-02-01T10:00:00+00:00,"['o3', 'pm25']"
US,Lexington-Fayette,14755760,2,2016-03-06T19:00:00+00:00,2021-02-01T10:00:00+00:00,"['o3', 'pm25']"
US,LIBERTY,25141905,1,2016-03-12T19:00:00+00:00,2021-02-01T03:00:00+00:00,['o3']
US,LICKING,13750,1,2018-03-01T19:00:00+00:00,2020-10-31T01:00:00+00:00,['o3']
US,Lima,59648520,1,2016-03-06T19:00:00+00:00,2021-02-01T11:00:00+00:00,"['o3', 'pm25', 'so2']"
US,Lincoln,29637360,4,2016-03-06T19:00:00+00:00,2021-02-01T11:00:00+00:00,"['o3', 'pm25']"
US,LINCOLN,58636705,3,2016-03-06T19:00:00+00:00,2021-02-01T10:00:00+00:00,"['o3', 'pm10', 'pm25']"
US,Lincolnton,24718,2,2016-03-29T13:00:00+00:00,2020-11-03T15:00:00+00:00,['o3']
US,LINN,59731276,2,2016-07-21T20:00:00+00:00,2021-02-01T11:00:00+00:00,['pm25']
US,Little Rock-North Little Rock,80038871,3,2016-03-06T19:00:00+00:00,2021-02-01T10:00:00+00:00,"['o3', 'pm25']"
US,Long Island,1743,1,2017-05-01T00:00:00+00:00,2018-11-26T00:00:00+00:00,['ch4']
US,Longview,59129111,2,2016-03-06T19:00:00+00:00,2021-02-01T11:00:00+00:00,"['o3', 'pm25']"
US,Los Angeles,354,1,2014-08-28T00:00:00+00:00,2015-05-11T00:00:00+00:00,['ch4']
US,LOS ANGELES,110641588,4,2016-11-14T17:00:00+00:00,2021-02-01T11:00:00+00:00,"['co', 'no2', 'o3', 'pm25']"
US,Los Angeles-Long Beach-Santa Ana,1759137214,32,2016-03-06T19:00:00+00:00,2021-02-01T11:00:00+00:00,"['co', 'no2', 'o3', 'pm10', 'pm25', 'so2']"
US,Louisville,554642245,10,2016-03-06T19:00:00+00:00,2021-02-01T11:00:00+00:00,"['co', 'no2', 'o3', 'pm10', 'pm25', 'so2']"
US,Lubbock,5,1,2018-08-23T14:00:00+00:00,2018-08-23T19:00:00+00:00,['pm25']
US,LYCOMING,20783722,1,2019-07-30T15:00:00+00:00,2021-02-01T11:00:00+00:00,['pm25']
US,LYON,37134341,2,2016-03-06T19:00:00+00:00,2021-02-01T10:00:00+00:00,"['o3', 'pm10']"
US,Macon,80335004,1,2016-03-06T19:00:00+00:00,2021-02-01T11:00:00+00:00,"['o3', 'pm10', 'pm25', 'so2']"
US,MACON,25810202,1,2016-08-24T12:00:00+00:00,2021-02-01T03:00:00+00:00,['o3']
US,Madera,99463011,2,2016-03-10T07:00:00+00:00,2021-02-01T10:00:00+00:00,"['o3', 'pm10', 'pm25']"
US,Madison,107827157,3,2016-03-06T19:00:00+00:00,2021-02-01T11:00:00+00:00,"['o3', 'pm10', 'pm25', 'so2']"
US,MADISON,54952906,4,2016-03-06T19:00:00+00:00,2021-02-01T10:00:00+00:00,"['o3', 'pm25']"
US,MALHEUR,29786874,1,2020-08-26T19:00:00+00:00,2021-02-01T11:00:00+00:00,['pm25']
US,Malone,89718,1,2016-03-06T19:00:00+00:00,2019-12-17T15:00:00+00:00,"['no2', 'o3', 'pm25', 'so2']"
US,Mammoth Cave NP,307,1,2014-06-07T12:00:00+00:00,2014-08-12T20:00:00+00:00,['pm25']
US,MANATEE,27321988,1,2016-03-06T19:00:00+00:00,2021-02-01T03:00:00+00:00,['so2']
US,Manchester-Nashua,149247025,4,2016-03-06T19:00:00+00:00,2021-02-01T11:00:00+00:00,"['co', 'o3', 'pm10', 'pm25', 'so2']"
US,MANISTEE,18368,1,2016-04-04T14:00:00+00:00,2020-11-04T12:00:00+00:00,['o3']
US,Manitowoc,16109,1,2016-04-05T17:00:00+00:00,2020-10-16T13:00:00+00:00,['o3']
US,MARICOPA,30208724,1,2016-03-06T19:00:00+00:00,2021-02-01T11:00:00+00:00,"['o3', 'pm10']"
US,MARION,30151223,2,2016-06-28T17:00:00+00:00,2021-02-01T11:00:00+00:00,['pm25']
US,MARIPOSA,33093885,4,2016-03-06T19:00:00+00:00,2021-02-01T10:00:00+00:00,"['o3', 'pm10', 'pm25']"
US,Marshall,90363491,2,2016-03-06T19:00:00+00:00,2021-02-01T11:00:00+00:00,"['o3', 'pm25']"
US,MARTIN,52150328,3,2016-03-06T19:00:00+00:00,2021-02-01T03:00:00+00:00,"['o3', 'pm10', 'pm25', 'so2']"
US,MASON,22034,1,2016-04-04T14:00:00+00:00,2020-11-02T19:00:00+00:00,['o3']
US,MATANUSKA-SUSITNA,60116937,2,2016-03-06T19:00:00+00:00,2021-02-01T11:00:00+00:00,"['pm10', 'pm25']"
US,MAUI,27705673,2,2016-03-06T19:00:00+00:00,2021-02-01T10:00:00+00:00,['pm25']
US,MAYAGUEZ,5401,1,2019-06-21T18:00:00+00:00,2020-03-09T06:00:00+00:00,['pm25']
US,MAYES,48081,2,2016-03-06T19:00:00+00:00,2020-12-01T20:00:00+00:00,"['o3', 'so2']"
US,McAlester,86274692,1,2016-03-06T19:00:00+00:00,2021-02-01T11:00:00+00:00,"['o3', 'pm10', 'pm25']"
US,McAllen-Edinburg-Mission,27828951,1,2016-03-06T19:00:00+00:00,2021-02-01T11:00:00+00:00,"['o3', 'pm25']"
US,Medford,60319518,3,2016-03-10T08:00:00+00:00,2021-02-01T11:00:00+00:00,"['o3', 'pm25']"
US,MEIGS,2611,1,2016-03-06T19:00:00+00:00,2016-07-07T16:00:00+00:00,['so2']
US,Memphis,163444860,6,2016-03-06T19:00:00+00:00,2021-02-01T11:00:00+00:00,"['o3', 'pm25']"
US,MENDOCINO,53839944,2,2016-03-06T19:00:00+00:00,2021-02-01T11:00:00+00:00,"['pm10', 'pm25']"
US,Merced,75110867,1,2016-03-10T07:00:00+00:00,2021-02-01T10:00:00+00:00,"['no2', 'o3', 'pm25']"
US,Meridian,22049,1,2016-03-06T19:00:00+00:00,2020-11-01T15:00:00+00:00,['o3']
US,MERRIMACK,29922119,1,2016-03-06T19:00:00+00:00,2021-02-01T11:00:00+00:00,['so2']
US,Mesa,1,1,2016-04-04T00:00:00+00:00,2016-04-04T00:00:00+00:00,['ch4']
US,Miami,43114,1,2016-03-06T19:00:00+00:00,2020-12-22T18:00:00+00:00,"['o3', 'pm25']"
US,MIAMI - DADE,53316,2,2016-03-06T19:00:00+00:00,2020-10-07T03:00:00+00:00,"['co', 'no2']"
US,Miami-Fort Lauderdale-Miami Beach,378035941,12,2016-03-06T19:00:00+00:00,2021-02-01T12:00:00+00:00,"['co', 'no2', 'o3', 'pm10', 'pm25', 'so2']"
US,Michigan City-La Porte,60505492,2,2016-04-04T18:00:00+00:00,2021-02-01T11:00:00+00:00,['o3']
US,Middlesborough,1724779,1,2016-03-06T19:00:00+00:00,2021-02-01T11:00:00+00:00,"['o3', 'pm25']"
US,MIDDLESEX,80900673,2,2018-02-05T23:00:00+00:00,2021-02-01T10:00:00+00:00,"['no2', 'o3', 'pm25']"
US,MILLE LACS,24193,1,2016-03-16T11:00:00+00:00,2020-11-02T12:00:00+00:00,['o3']
US,MILWAUKEE,146187141,2,2016-03-06T19:00:00+00:00,2021-02-01T11:00:00+00:00,"['bc', 'co', 'no2', 'pm10', 'pm25']"
US,Milwaukee-Waukesha-West Allis,292547909,6,2016-03-06T19:00:00+00:00,2021-02-01T11:00:00+00:00,"['bc', 'no2', 'o3', 'pm10', 'pm25', 'so2']"
US,MINERAL,16581,1,2017-08-10T21:00:00+00:00,2020-05-08T16:00:00+00:00,['so2']
US,MINIDOKA,13301,2,2016-07-07T15:00:00+00:00,2020-11-24T16:00:00+00:00,['pm25']
US,Minneapolis-St. Paul-Bloomington,565099089,14,2016-03-06T19:00:00+00:00,2021-02-01T11:00:00+00:00,"['co', 'no2', 'o3', 'pm10', 'pm25', 'so2']"
US,MINNEHAHA,84663898,1,2016-03-06T19:00:00+00:00,2021-02-01T11:00:00+00:00,"['o3', 'pm10', 'pm25']"
US,MISSOULA,146546999,3,2016-03-10T07:00:00+00:00,2021-02-01T10:00:00+00:00,"['o3', 'pm10', 'pm25']"
US,MITCHELL,30492142,1,2016-11-01T06:00:00+00:00,2021-02-01T12:00:00+00:00,['pm25']
US,Mobile,57824686,2,2016-03-06T19:00:00+00:00,2021-02-01T10:00:00+00:00,"['o3', 'pm25', 'so2']"
US,Modesto,150851890,4,2016-03-06T19:00:00+00:00,2021-02-01T10:00:00+00:00,"['co', 'no2', 'o3', 'pm10', 'pm25']"
US,MOFFAT,9224,1,2016-12-28T14:00:00+00:00,2019-01-10T21:00:00+00:00,['o3']
US,MONO,150980476,4,2016-03-06T19:00:00+00:00,2021-02-01T11:00:00+00:00,"['pm10', 'pm25']"
US,Monroe,29911690,1,2016-03-06T19:00:00+00:00,2021-02-01T12:00:00+00:00,['o3']
US,MONROE,110370747,2,2016-03-06T19:00:00+00:00,2021-02-01T12:00:00+00:00,"['no2', 'o3', 'pm10', 'so2']"
US,MONTEREY,88307428,7,2016-07-26T18:00:00+00:00,2021-02-01T11:00:00+00:00,"['o3', 'pm10', 'pm25']"
US,MONTEZUMA,51878234,2,2016-03-06T19:00:00+00:00,2021-02-01T10:00:00+00:00,['o3']
US,Montgomery,27502595,4,2016-03-06T19:00:00+00:00,2021-02-01T10:00:00+00:00,"['o3', 'pm25']"
US,MONTGOMERY,59311538,4,2016-03-06T19:00:00+00:00,2021-02-01T12:00:00+00:00,"['o3', 'pm10', 'pm25']"
US,MONTROSE,9552,1,2016-12-28T17:00:00+00:00,2018-12-27T21:00:00+00:00,['o3']
US,Morehead City,25159357,1,2016-06-09T19:00:00+00:00,2021-02-01T03:00:00+00:00,['o3']
US,MORGAN,50443726,2,2016-03-06T19:00:00+00:00,2021-02-01T11:00:00+00:00,"['o3', 'so2']"
US,Morgantown,14758,1,2016-04-01T10:00:00+00:00,2020-11-02T13:00:00+00:00,['o3']
US,Morristown,16962,1,2017-03-31T14:00:00+00:00,2020-11-04T20:00:00+00:00,['o3']
US,Moscow,29985593,1,2016-03-11T15:00:00+00:00,2021-02-01T11:00:00+00:00,['pm25']
US,Moses Lake,28547302,1,2016-03-06T19:00:00+00:00,2021-02-01T08:00:00+00:00,['pm25']
US,Mount Vernon,29202728,2,2016-03-30T17:00:00+00:00,2021-02-01T10:00:00+00:00,"['o3', 'pm25']"
US,Mount Vernon-Anacortes,29360514,1,2016-03-06T19:00:00+00:00,2021-02-01T10:00:00+00:00,"['o3', 'pm25']"
US,MT1,76755329,7,2017-08-23T21:00:00+00:00,2021-02-01T10:00:00+00:00,['pm25']
US,MULTNOMAH,28513744,2,2017-08-11T01:00:00+00:00,2021-02-01T11:00:00+00:00,['pm25']
US,Muncie,24855001,1,2016-04-01T07:00:00+00:00,2021-02-01T11:00:00+00:00,['o3']
US,Muscatine,56845622,2,2016-03-06T19:00:00+00:00,2021-02-01T10:00:00+00:00,['so2']
US,MUSCATINE,58259985,1,2016-03-06T19:00:00+00:00,2021-02-01T10:00:00+00:00,"['pm25', 'so2']"
US,Muskegon-Norton Shores,21844,1,2016-04-04T14:00:00+00:00,2020-11-02T19:00:00+00:00,['o3']
US,Muskogee,48444,2,2016-03-06T19:00:00+00:00,2020-08-20T18:00:00+00:00,"['pm10', 'so2']"
US,Myrtle Beach-Conway-North Myrtle Beach,19097,1,2016-07-29T12:00:00+00:00,2020-11-04T14:00:00+00:00,['o3']
US,N/A,173777065,5,2016-03-06T19:00:00+00:00,2021-02-01T11:00:00+00:00,"['o3', 'pm10', 'pm25']"
US,Napa,110223712,2,2016-03-06T19:00:00+00:00,2021-02-01T08:00:00+00:00,"['co', 'no2', 'o3', 'pm25']"
US,Naples-Marco Island,54557696,1,2016-03-06T19:00:00+00:00,2021-02-01T03:00:00+00:00,"['o3', 'pm25']"
US,Nashville-Davidson--Murfreesboro,50378082,7,2016-03-07T14:00:00+00:00,2021-02-01T10:00:00+00:00,"['o3', 'pm25']"
US,NASSAU,26147132,1,2016-03-06T19:00:00+00:00,2021-02-01T03:00:00+00:00,['so2']
US,NAVAJO,28577008,1,2016-03-06T19:00:00+00:00,2021-02-01T10:00:00+00:00,['o3']
US,NC1,448,2,2016-11-16T18:00:00+00:00,2016-12-03T06:00:00+00:00,['pm25']
US,NEOSHO,151829229,1,2016-03-06T19:00:00+00:00,2021-02-01T11:00:00+00:00,"['no2', 'o3', 'pm10', 'pm25', 'so2']"
US,Newark Area,313,1,2015-05-20T00:00:00+00:00,2015-11-24T00:00:00+00:00,['ch4']
US,New Castle,28110331,1,2016-03-06T19:00:00+00:00,2021-02-01T12:00:00+00:00,['o3']
US,NEW CASTLE,60491823,1,2016-03-06T19:00:00+00:00,2021-02-01T11:00:00+00:00,"['pm25', 'so2']"
US,New Haven-Milford,94801895,4,2016-03-06T19:00:00+00:00,2021-02-01T11:00:00+00:00,"['co', 'no2', 'o3', 'pm10', 'pm25', 'so2']"
US,New Orleans-Metairie-Kenner,230864640,5,2016-03-06T19:00:00+00:00,2021-02-01T12:00:00+00:00,"['o3', 'pm25', 'so2']"
US,New York,20938,3,2013-11-25T00:00:00+00:00,2020-02-17T07:10:00+00:00,"['ch4', 'pm1', 'pm10', 'pm25', 'um010', 'um100']"
US,NEW YORK,5157,1,2016-03-10T07:00:00+00:00,2017-12-18T09:00:00+00:00,['pm25']
US,New York-Northern New Jersey-Long Island,1184321915,33,2016-03-06T19:00:00+00:00,2021-02-01T10:00:00+00:00,"['co', 'no2', 'o3', 'pm10', 'pm25', 'so2']"
US,NEZ PERCE,13065,1,2016-03-06T19:00:00+00:00,2018-10-04T21:00:00+00:00,['pm25']
US,Niles-Benton Harbor,21789,1,2016-04-04T14:00:00+00:00,2020-11-02T18:00:00+00:00,['o3']
US,NOBLE,26297300,1,2016-03-26T14:00:00+00:00,2021-02-01T03:00:00+00:00,['o3']
US,Nogales,60674437,1,2016-03-10T07:00:00+00:00,2021-02-01T11:00:00+00:00,"['pm10', 'pm25']"
US,NORFOLK,25438661,1,2020-02-07T15:00:00+00:00,2021-02-01T10:00:00+00:00,['pm25']
US,NORTHAMPTON,58800248,1,2019-08-01T19:00:00+00:00,2021-02-01T12:00:00+00:00,"['no2', 'pm25']"
US,Norwich-New London,28579570,1,2016-03-06T19:00:00+00:00,2021-02-01T11:00:00+00:00,"['o3', 'pm10', 'pm25']"
US,NOWATA,27288,1,2018-03-01T19:00:00+00:00,2020-01-14T19:00:00+00:00,"['o3', 'pm25']"
US,NPS,1759,8,2019-11-14T14:00:00+00:00,2020-10-27T17:00:00+00:00,['pm25']
US,NYE,109360446,4,2017-10-10T22:00:00+00:00,2021-02-01T10:00:00+00:00,['pm10']
US,Oakland,200946,100,2017-05-19T07:00:00+00:00,2017-08-27T06:00:00+00:00,['bc']
US,Ocala,21686838,2,2016-03-06T19:00:00+00:00,2021-02-01T03:00:00+00:00,"['o3', 'pm25']"
US,Odessa,18787,2,2016-03-06T19:00:00+00:00,2018-07-09T16:00:00+00:00,['pm25']
US,Ogden-Clearfield,56671630,2,2016-03-06T19:00:00+00:00,2021-02-01T11:00:00+00:00,"['co', 'no2', 'o3', 'pm10', 'pm25']"
US,OKANOGAN,82612886,4,2016-03-06T19:00:00+00:00,2021-02-01T10:00:00+00:00,['pm25']
US,Oklahoma City,431846613,7,2016-03-06T19:00:00+00:00,2021-02-01T11:00:00+00:00,"['co', 'no2', 'o3', 'pm10', 'pm25', 'so2']"
US,Olympia,29500858,2,2016-03-06T19:00:00+00:00,2021-02-01T10:00:00+00:00,"['o3', 'pm25']"
US,Omaha-Council Bluffs,233738674,10,2016-03-06T19:00:00+00:00,2021-02-01T11:00:00+00:00,"['co', 'o3', 'pm10', 'pm25', 'so2']"
US,ONEIDA,27901498,1,2016-03-06T19:00:00+00:00,2021-02-01T11:00:00+00:00,['so2']
US,ORANGE,49393541,1,2016-11-16T01:00:00+00:00,2021-02-01T11:00:00+00:00,"['co', 'no2']"
US,Orlando-Kissimmee,210049801,5,2016-03-06T19:00:00+00:00,2021-02-01T03:00:00+00:00,"['co', 'no2', 'o3', 'pm10', 'pm25', 'so2']"
US,OTTAWA,34057,4,2016-04-04T14:00:00+00:00,2020-12-18T08:00:00+00:00,"['o3', 'pm10', 'pm25', 'so2']"
US,OUTAGAMIE,29066009,1,2020-02-13T21:00:00+00:00,2021-02-01T11:00:00+00:00,['so2']
US,Owensboro,17680466,2,2016-03-06T20:00:00+00:00,2021-02-01T10:00:00+00:00,"['o3', 'pm25']"
US,OXFORD,19727004,2,2016-03-06T19:00:00+00:00,2021-02-01T10:00:00+00:00,"['o3', 'pm25']"
US,Oxnard-Thousand Oaks-Ventura,281207061,17,2016-03-06T19:00:00+00:00,2021-02-01T11:00:00+00:00,"['o3', 'pm10', 'pm25']"
US,PACIFIC,29608860,2,2018-07-23T22:00:00+00:00,2021-02-01T10:00:00+00:00,['pm25']
US,Paducah,23027736,2,2016-03-06T20:00:00+00:00,2021-02-01T11:00:00+00:00,"['o3', 'pm25']"
US,Palm Bay-Melbourne-Titusville,108198420,2,2016-03-06T19:00:00+00:00,2021-02-01T03:00:00+00:00,"['o3', 'pm10', 'pm25']"
US,PALM BEACH,26597670,1,2016-03-06T19:00:00+00:00,2021-02-01T03:00:00+00:00,['pm25']
US,PALO ALTO,23710240,1,2016-03-06T19:00:00+00:00,2021-02-01T10:00:00+00:00,"['o3', 'pm25']"
US,Panama City-Lynn Haven,55250671,1,2016-03-06T19:00:00+00:00,2021-02-01T03:00:00+00:00,"['o3', 'pm25']"
US,PARK,44237,2,2017-09-22T23:00:00+00:00,2019-10-08T15:00:00+00:00,"['no2', 'o3', 'pm10', 'pm25', 'so2']"
US,Parkersburg-Marietta-Vienna,38602,2,2016-03-31T16:00:00+00:00,2020-11-02T15:00:00+00:00,['o3']
US,Pascagoula,88023480,1,2016-03-06T19:00:00+00:00,2021-02-01T11:00:00+00:00,"['no2', 'o3', 'pm25', 'so2']"
US,Payson,59292881,3,2016-03-10T07:00:00+00:00,2021-02-01T11:00:00+00:00,"['pm10', 'so2']"
US,Pendleton-Hermiston,55268648,2,2016-03-10T08:00:00+00:00,2021-02-01T11:00:00+00:00,"['o3', 'pm25']"
US,PENOBSCOT,26681916,2,2016-06-09T19:00:00+00:00,2021-02-01T10:00:00+00:00,"['o3', 'pm25']"
US,Pensacola-Ferry Pass-Brent,95872149,3,2016-03-06T19:00:00+00:00,2021-02-01T03:00:00+00:00,"['o3', 'pm25', 'so2']"
US,Peoria,29096709,3,2016-03-06T19:00:00+00:00,2021-02-01T10:00:00+00:00,"['o3', 'pm25']"
US,PERRY,50364711,4,2016-03-06T20:00:00+00:00,2021-02-01T11:00:00+00:00,"['o3', 'pm25']"
US,PERSON,85782,1,2017-03-28T14:00:00+00:00,2021-01-01T10:00:00+00:00,['so2']
US,PHILADELPHIA,388665726,5,2016-03-15T04:00:00+00:00,2021-02-01T11:00:00+00:00,"['co', 'no2', 'o3', 'pm10', 'pm25', 'so2']"
US,Philadelphia-Camden-Wilmington,763963014,17,2016-03-06T19:00:00+00:00,2021-02-01T12:00:00+00:00,"['co', 'no2', 'o3', 'pm25', 'so2']"
US,PHILLIPS,88303987,1,2016-03-10T07:00:00+00:00,2021-02-01T10:00:00+00:00,"['o3', 'pm10', 'pm25']"
US,Phoenix Lake-Cedar Ridge,26274641,1,2016-03-06T19:00:00+00:00,2021-02-01T08:00:00+00:00,['o3']
US,Phoenix-Mesa-Scottsdale,2183201244,43,2016-03-06T19:00:00+00:00,2021-02-01T12:00:00+00:00,"['co', 'no2', 'o3', 'pm10', 'pm25', 'so2']"
US,PICKENS,13662,1,2016-03-06T19:00:00+00:00,2019-11-06T18:00:00+00:00,['o3']
US,PIKE,20402688,2,2016-03-06T19:00:00+00:00,2021-02-01T11:00:00+00:00,"['o3', 'pm25']"
US,PIMA,149464134,4,2016-03-10T07:00:00+00:00,2021-02-01T11:00:00+00:00,"['pm10', 'pm25']"
US,PINAL,180498658,5,2016-03-06T19:00:00+00:00,2021-02-01T11:00:00+00:00,"['o3', 'pm10', 'pm25']"
US,PINELLAS,53403599,2,2016-03-06T19:00:00+00:00,2021-02-01T03:00:00+00:00,"['co', 'no2']"
US,PITKIN,27851393,1,2020-09-16T20:00:00+00:00,2021-02-01T10:00:00+00:00,['pm25']
US,Pittsburgh,641886854,16,2015-06-26T00:00:00+00:00,2021-02-01T13:00:00+00:00,"['ch4', 'co', 'no', 'no2', 'o3', 'pm25', 'so2']"
US,Pittsfield,4666,1,2016-03-10T07:00:00+00:00,2018-05-31T13:00:00+00:00,['pm25']
US,PLACER,24841490,1,2016-03-11T15:00:00+00:00,2021-02-01T10:00:00+00:00,['pm25']
US,PLUMAS,75789256,3,2016-03-10T07:00:00+00:00,2021-02-01T07:00:00+00:00,['pm25']
US,PLYMOUTH,54352277,1,2016-03-10T07:00:00+00:00,2021-02-01T10:00:00+00:00,"['o3', 'pm25']"
US,Pocatello,87276676,2,2016-03-06T19:00:00+00:00,2021-02-01T11:00:00+00:00,"['o3', 'pm10', 'pm25', 'so2']"
US,POLK,78894010,4,2016-03-06T19:00:00+00:00,2021-02-01T11:00:00+00:00,"['o3', 'pm25']"
US,Ponca City,85657058,2,2016-03-06T19:00:00+00:00,2021-02-01T11:00:00+00:00,"['o3', 'pm10', 'pm25', 'so2']"
US,PONCE,12793,1,2016-08-17T15:00:00+00:00,2019-08-18T05:00:00+00:00,"['pm10', 'pm25']"
US,Port Angeles,140002186,2,2016-03-06T19:00:00+00:00,2021-02-01T10:00:00+00:00,"['co', 'o3', 'pm25', 'so2']"
US,Portland-South Portland-Biddeford,146247754,5,2016-03-06T19:00:00+00:00,2021-02-01T10:00:00+00:00,"['no2', 'o3', 'pm25', 'so2']"
US,Portland-Vancouver-Beaverton,510768783,10,2016-03-10T08:00:00+00:00,2021-02-01T11:00:00+00:00,"['bc', 'co', 'no2', 'o3', 'pm25', 'so2']"
US,Portsmouth,59785761,2,2016-03-06T19:00:00+00:00,2021-02-01T11:00:00+00:00,"['o3', 'pm25', 'so2']"
US,Poughkeepsie-Newburgh-Middletown,81187913,3,2016-03-10T07:00:00+00:00,2021-02-01T10:00:00+00:00,"['o3', 'pm25']"
US,POWDER RIVER,70461542,1,2016-03-10T07:00:00+00:00,2021-02-01T10:00:00+00:00,"['o3', 'pm10', 'pm25']"
US,Prescott,12576842,2,2016-03-10T07:00:00+00:00,2021-02-01T11:00:00+00:00,['o3']
US,PRINCE EDWARD,26142444,1,2016-03-13T08:00:00+00:00,2021-02-01T03:00:00+00:00,['o3']
US,Prineville,30131722,1,2016-03-10T08:00:00+00:00,2021-02-01T11:00:00+00:00,['pm25']
US,Providence-New Bedford-Fall River,550900144,10,2016-03-10T07:00:00+00:00,2021-02-01T11:00:00+00:00,"['bc', 'co', 'no2', 'o3', 'pm25', 'so2']"
US,Provo-Orem,198894597,3,2016-03-06T19:00:00+00:00,2021-02-01T11:00:00+00:00,"['co', 'no2', 'o3', 'pm10', 'pm25']"
US,PROXY SITE - CA - CONSTANT,7644,3,2016-08-23T20:00:00+00:00,2019-03-04T17:00:00+00:00,['pm25']
US,Pullman,86564367,3,2016-03-06T19:00:00+00:00,2021-02-01T10:00:00+00:00,['pm25']
US,PUTNAM,27626794,1,2016-03-06T19:00:00+00:00,2021-02-01T03:00:00+00:00,['pm10']
US,Quincy,22134,1,2016-03-28T21:00:00+00:00,2020-11-02T13:00:00+00:00,['o3']
US,RACINE,15739,1,2016-04-05T17:00:00+00:00,2020-10-16T12:00:00+00:00,['o3']
US,Raleigh-Cary,297386479,5,2016-03-06T19:00:00+00:00,2021-02-01T12:00:00+00:00,"['co', 'no2', 'o3', 'pm10', 'pm25', 'so2']"
US,RAMSEY,25486519,1,2016-03-06T19:00:00+00:00,2021-01-29T05:00:00+00:00,['pm10']
US,RANDOLPH,25606261,1,2016-03-29T14:00:00+00:00,2021-02-01T10:00:00+00:00,"['o3', 'pm25']"
US,Rapid City,113178703,2,2016-03-06T19:00:00+00:00,2021-02-01T11:00:00+00:00,"['o3', 'pm10', 'pm25']"
US,RAVALLI,29587003,1,2016-03-10T07:00:00+00:00,2021-02-01T10:00:00+00:00,['pm25']
US,Reading,58972063,1,2016-03-06T19:00:00+00:00,2021-02-01T12:00:00+00:00,"['o3', 'pm25']"
US,Red Bluff,23986436,3,2016-03-06T19:00:00+00:00,2021-01-30T07:00:00+00:00,"['o3', 'pm25']"
US,Redding,151314815,4,2016-03-06T19:00:00+00:00,2021-02-01T11:00:00+00:00,"['o3', 'pm25']"
US,Red Wing,24020,1,2016-03-18T15:00:00+00:00,2020-11-02T12:00:00+00:00,['o3']
US,Reno-Sparks,591727627,13,2016-03-06T19:00:00+00:00,2021-02-01T12:00:00+00:00,"['co', 'no2', 'o3', 'pm10', 'pm25', 'so2']"
US,RICHLAND,87584948,2,2016-03-10T07:00:00+00:00,2021-02-01T10:00:00+00:00,"['o3', 'pm10', 'pm25']"
US,Richmond,312688308,23,2016-03-06T19:00:00+00:00,2021-02-01T10:00:00+00:00,"['co', 'co2', 'no2', 'o3', 'pm25', 'so2']"
US,RIO ARRIBA,30280595,1,2017-01-13T16:00:00+00:00,2021-02-01T11:00:00+00:00,['o3']
US,RIO BLANCO,88227173,2,2016-03-06T19:00:00+00:00,2021-02-01T10:00:00+00:00,"['no2', 'o3', 'pm25']"
US,RIVERSIDE,87340061,2,2016-11-14T17:00:00+00:00,2021-02-01T11:00:00+00:00,"['o3', 'pm10', 'pm25']"
US,Riverside-San Bernardino-Ontario,1628693003,41,2016-03-06T19:00:00+00:00,2021-02-01T11:00:00+00:00,"['co', 'no2', 'o3', 'pm10', 'pm25', 'so2']"
US,Riverton,200830634,2,2017-02-14T22:00:00+00:00,2021-02-01T10:00:00+00:00,"['no2', 'o3', 'pm10', 'pm25', 'so2']"
US,Roanoke,140435010,1,2016-03-06T20:00:00+00:00,2021-02-01T10:00:00+00:00,"['co', 'no2', 'o3', 'pm25', 'so2']"
US,Rochester,109659098,3,2016-03-06T19:00:00+00:00,2021-02-01T11:00:00+00:00,"['o3', 'pm25', 'so2']"
US,ROCK,15868,1,2016-04-05T17:00:00+00:00,2020-10-20T14:00:00+00:00,['o3']
US,ROCKBRIDGE,28667387,1,2016-03-06T19:00:00+00:00,2021-02-01T10:00:00+00:00,['o3']
US,Rockford,29206008,2,2016-03-06T19:00:00+00:00,2021-02-01T10:00:00+00:00,"['o3', 'pm25']"
US,ROCKINGHAM,147414617,3,2016-03-06T19:00:00+00:00,2021-02-01T11:00:00+00:00,"['co', 'no2', 'o3', 'pm10', 'pm25', 'so2']"
US,ROCKLAND,54049140,1,2016-03-12T08:00:00+00:00,2021-02-01T10:00:00+00:00,"['o3', 'pm25']"
US,Rock Springs,261740536,3,2016-12-19T15:00:00+00:00,2021-02-01T10:00:00+00:00,"['no2', 'o3', 'pm10', 'pm25', 'so2']"
US,Rocky Mount,30614593,2,2016-03-06T19:00:00+00:00,2021-02-01T12:00:00+00:00,"['o3', 'pm25']"
US,Rome,28740030,2,2016-03-06T19:00:00+00:00,2021-02-01T11:00:00+00:00,"['pm25', 'so2']"
US,ROSEBUD,87011591,1,2016-03-10T07:00:00+00:00,2021-02-01T10:00:00+00:00,"['o3', 'pm10', 'pm25']"
US,Roseburg,30159241,1,2016-03-15T21:00:00+00:00,2021-02-01T11:00:00+00:00,['pm25']
US,Rutland,141862616,1,2016-03-06T19:00:00+00:00,2021-02-01T11:00:00+00:00,"['co', 'no2', 'o3', 'pm25', 'so2']"
US,SACRAMENTO,41583,3,2016-03-10T07:00:00+00:00,2019-12-12T20:00:00+00:00,"['co', 'no2', 'o3', 'pm10', 'pm25']"
US,Sacramento--Arden-Arcade--Roseville,895839588,27,2016-03-06T19:00:00+00:00,2021-02-01T11:00:00+00:00,"['bc', 'co', 'no2', 'o3', 'pm10', 'pm25', 'so2']"
US,Salem,60303209,2,2016-03-10T08:00:00+00:00,2021-02-01T11:00:00+00:00,"['o3', 'pm25']"
US,Salinas,209095012,11,2016-07-26T17:00:00+00:00,2021-02-01T11:00:00+00:00,"['co', 'no2', 'o3', 'pm25']"
US,Salisbury,88575583,1,2016-03-06T19:00:00+00:00,2021-02-01T12:00:00+00:00,"['no2', 'o3', 'pm25']"
US,Salt Lake City,588364380,6,2016-03-06T19:00:00+00:00,2021-02-01T11:00:00+00:00,"['co', 'no2', 'o3', 'pm10', 'pm25', 'so2']"
US,San Antonio,116685905,8,2016-03-06T19:00:00+00:00,2021-02-01T11:00:00+00:00,"['o3', 'pm25']"
US,SAN BERNARDINO,120602818,3,2016-03-13T09:00:00+00:00,2021-02-01T11:00:00+00:00,"['co', 'no2', 'pm10', 'pm25']"
US,SANDERS,58006606,1,2016-03-10T07:00:00+00:00,2021-02-01T10:00:00+00:00,"['pm10', 'pm25']"
US,SAN DIEGO,25761279,1,2016-03-06T19:00:00+00:00,2021-02-01T08:00:00+00:00,['o3']
US,San Diego-Carlsbad-San Marcos,296462839,11,2016-03-06T19:00:00+00:00,2021-02-01T11:00:00+00:00,"['o3', 'pm25']"
US,SANDOVAL,21710,1,2018-12-10T18:00:00+00:00,2019-11-21T14:00:00+00:00,"['o3', 'pm10', 'pm25']"
US,San Francisco Bay Area,152929,1,2017-12-22T07:59:00+00:00,2017-12-22T07:59:00+00:00,"['bc', 'no', 'no2', 'ufp']"
US,San Francisco-Oakland-Fremont,1325287977,15,2016-03-06T19:00:00+00:00,2021-02-01T08:00:00+00:00,"['bc', 'co', 'no2', 'o3', 'pm25', 'so2']"
US,SANGAMON,29164520,1,2017-10-23T18:00:00+00:00,2021-02-01T10:00:00+00:00,['pm25']
US,SAN JOAQUIN,25251217,1,2016-08-05T18:00:00+00:00,2021-02-01T10:00:00+00:00,"['pm10', 'pm25']"
US,San Jose-Sunnyvale-Santa Clara,451540930,8,2016-03-06T19:00:00+00:00,2021-02-01T11:00:00+00:00,"['bc', 'co', 'no2', 'o3', 'pm10', 'pm25']"
US,SAN JUAN,84303397,2,2016-03-06T19:00:00+00:00,2021-02-01T10:00:00+00:00,"['no2', 'o3']"
US,San Juan-Caguas-Guaynabo,2825,1,2018-08-22T05:00:00+00:00,2019-06-10T17:00:00+00:00,['o3']
US,SAN LUIS OBISPO,32227308,4,2016-03-06T19:00:00+00:00,2021-02-01T12:00:00+00:00,"['o3', 'pm10', 'pm25']"
US,San Luis Obispo-Paso Robles,500275612,33,2016-03-06T19:00:00+00:00,2021-02-01T12:00:00+00:00,"['no2', 'o3', 'pm10', 'pm25', 'so2']"
US,Santa Barbara-Santa Maria,526327057,17,2016-03-06T19:00:00+00:00,2021-02-01T11:00:00+00:00,"['co', 'no2', 'o3', 'pm10', 'pm25']"
US,Santa Cruz-Watsonville,150804909,8,2016-03-07T14:00:00+00:00,2021-02-01T11:00:00+00:00,"['o3', 'pm25']"
US,Santa Fe,60468602,1,2016-03-06T19:00:00+00:00,2021-02-01T11:00:00+00:00,"['o3', 'pm25']"
US,Santa Rosa-Petaluma,107996678,1,2016-03-06T19:00:00+00:00,2021-02-01T08:00:00+00:00,"['co', 'no2', 'o3', 'pm25']"
US,Sarasota-Bradenton-Venice,138336158,7,2016-03-06T19:00:00+00:00,2021-02-01T07:00:00+00:00,"['no2', 'o3', 'pm10', 'pm25']"
US,Sault Ste. Marie,20175,1,2016-04-13T19:00:00+00:00,2019-02-28T20:00:00+00:00,"['o3', 'pm25']"
US,Savannah,119653352,2,2016-03-06T19:00:00+00:00,2021-02-01T11:00:00+00:00,"['o3', 'pm10', 'pm25', 'so2']"
US,SC0,3,3,2020-08-06T19:00:00+00:00,2020-08-06T19:00:00+00:00,['pm25']
US,SCHOOLCRAFT,29598521,1,2016-03-06T19:00:00+00:00,2021-02-01T11:00:00+00:00,"['o3', 'pm25']"
US,SCOTT,9627,1,2016-03-06T19:00:00+00:00,2017-07-03T13:00:00+00:00,['pm25']
US,Scottsbluff,28746400,1,2020-09-04T14:00:00+00:00,2021-02-01T11:00:00+00:00,['pm25']
US,Scranton--Wilkes-Barre,115763577,3,2016-03-06T19:00:00+00:00,2021-02-01T12:00:00+00:00,"['o3', 'pm25']"
US,Seaford,89249816,2,2016-03-06T19:00:00+00:00,2021-02-01T11:00:00+00:00,"['o3', 'pm25']"
US,Seattle-Tacoma-Bellevue,642853901,23,2016-03-06T19:00:00+00:00,2021-02-01T10:00:00+00:00,"['bc', 'co', 'no2', 'o3', 'pm25', 'so2']"
US,Sebring,27676979,1,2016-03-06T19:00:00+00:00,2021-02-01T03:00:00+00:00,['o3']
US,Seneca,50420,1,2016-03-06T19:00:00+00:00,2020-01-13T17:00:00+00:00,"['o3', 'pm25', 'so2']"
US,SEVIER,15458,1,2016-04-15T14:00:00+00:00,2020-11-04T15:00:00+00:00,['o3']
US,Sevierville,29551296,1,2017-03-13T03:00:00+00:00,2021-02-01T10:00:00+00:00,['o3']
US,Seymour,20536,1,2016-04-01T05:00:00+00:00,2020-01-02T19:00:00+00:00,['o3']
US,SHEBOYGAN,30312,2,2016-04-05T17:00:00+00:00,2020-10-16T15:00:00+00:00,['o3']
US,Shelton,28592889,1,2016-03-06T19:00:00+00:00,2021-02-01T10:00:00+00:00,['pm25']
US,Sheridan,27536821,2,2016-03-11T20:00:00+00:00,2021-02-01T03:00:00+00:00,"['no2', 'o3', 'pm10', 'pm25', 'so2']"
US,SHERIDAN,29576430,1,2018-02-03T15:00:00+00:00,2021-02-01T10:00:00+00:00,['o3']
US,SHERMAN,9764533,1,2017-04-17T18:00:00+00:00,2021-02-01T11:00:00+00:00,['pm10']
US,SHOSHONE,57796817,1,2016-03-06T19:00:00+00:00,2021-02-01T11:00:00+00:00,"['pm10', 'pm25']"
US,Shreveport-Bossier City,60847218,2,2016-03-06T19:00:00+00:00,2021-02-01T12:00:00+00:00,"['o3', 'pm25']"
US,Sierra Vista-Douglas,88311771,3,2016-03-06T19:00:00+00:00,2021-02-01T11:00:00+00:00,"['o3', 'pm10', 'pm25']"
US,SILVER BOW,56822389,1,2016-03-10T07:00:00+00:00,2021-02-01T10:00:00+00:00,"['pm10', 'pm25']"
US,SIMPSON,11787,1,2016-03-06T20:00:00+00:00,2020-11-02T09:00:00+00:00,['o3']
US,Sioux City,10105,1,2016-03-06T19:00:00+00:00,2017-07-01T12:00:00+00:00,['so2']
US,SISKIYOU,57557979,2,2018-03-01T19:00:00+00:00,2021-02-01T11:00:00+00:00,"['o3', 'pm25']"
US,SKAGIT,29698616,2,2016-03-06T19:00:00+00:00,2021-02-01T10:00:00+00:00,"['o3', 'pm25', 'so2']"
US,Somerset,25903404,2,2016-03-06T19:00:00+00:00,2021-02-01T03:00:00+00:00,['o3']
US,SOMERSET,59954613,1,2020-05-01T18:00:00+00:00,2021-02-01T11:00:00+00:00,"['pm10', 'pm25']"
US,SONOMA,2,1,2017-10-12T15:00:00+00:00,2017-10-12T16:00:00+00:00,['pm25']
US,SONORA,12577,1,2017-08-31T15:00:00+00:00,2020-12-24T15:00:00+00:00,['o3']
US,South Bend-Mishawaka,119164219,4,2016-03-06T19:00:00+00:00,2021-02-01T11:00:00+00:00,"['no2', 'o3', 'pm25']"
US,Spartanburg,37217488,2,2016-03-06T19:00:00+00:00,2021-02-01T11:00:00+00:00,"['o3', 'pm25']"
US,Spokane,144317964,6,2016-03-06T19:00:00+00:00,2021-02-01T10:00:00+00:00,"['o3', 'pm10', 'pm25']"
US,SPOKANE,28405395,3,2016-03-06T19:00:00+00:00,2021-02-01T10:00:00+00:00,"['co', 'pm25']"
US,Springfield,270254275,12,2016-03-06T19:00:00+00:00,2021-02-01T12:00:00+00:00,"['co', 'no2', 'o3', 'pm10', 'pm25', 'so2']"
US,State College,85194318,2,2016-03-06T19:00:00+00:00,2021-02-01T12:00:00+00:00,"['o3', 'pm25']"
US,ST. BERNARD,30514836,1,2016-03-06T19:00:00+00:00,2021-02-01T12:00:00+00:00,['o3']
US,STE GENEVIEVE,21772,2,2016-03-11T15:00:00+00:00,2020-11-11T18:00:00+00:00,['o3']
US,STEVENS,86071080,2,2016-03-06T19:00:00+00:00,2021-02-01T10:00:00+00:00,"['pm10', 'pm25']"
US,St. George,29597635,1,2016-03-07T14:00:00+00:00,2021-02-01T10:00:00+00:00,['o3']
US,ST. JAMES,30515222,1,2016-03-06T19:00:00+00:00,2021-02-01T12:00:00+00:00,['o3']
US,St. Joseph,54725286,1,2016-03-06T19:00:00+00:00,2021-02-01T12:00:00+00:00,"['pm10', 'pm25']"
US,St. Louis,429773057,28,2016-03-06T19:00:00+00:00,2021-02-01T12:00:00+00:00,"['co', 'no2', 'o3', 'pm10', 'pm25', 'so2']"
US,ST. LOUIS,86038383,2,2016-03-06T19:00:00+00:00,2021-02-01T12:00:00+00:00,"['no2', 'pm25', 'so2']"
US,ST. LOUIS (CITY),55955008,1,2016-03-06T19:00:00+00:00,2021-02-01T12:00:00+00:00,"['pm10', 'pm25']"
US,ST. LUCIE,25997733,1,2016-03-06T19:00:00+00:00,2021-02-01T03:00:00+00:00,['o3']
US,St. Marys,25946455,1,2016-06-09T19:00:00+00:00,2021-02-01T03:00:00+00:00,['o3']
US,Stockton,190499348,3,2016-03-06T19:00:00+00:00,2021-02-01T10:00:00+00:00,"['co', 'no2', 'o3', 'pm10', 'pm25']"
US,SUBLETTE,325325802,6,2016-03-06T20:00:00+00:00,2021-02-01T10:00:00+00:00,"['no2', 'o3', 'pm10', 'pm25']"
US,SUFFOLK,54093797,2,2016-03-10T07:00:00+00:00,2021-02-01T10:00:00+00:00,"['co', 'no2', 'o3', 'pm25']"
US,Summerville,23947,1,2016-03-07T15:00:00+00:00,2020-11-02T16:00:00+00:00,['o3']
US,SUMTER,57622166,1,2016-03-06T19:00:00+00:00,2021-02-01T10:00:00+00:00,"['o3', 'pm25', 'so2']"
US,SUSQUEHANNA,29233375,1,2018-11-29T17:00:00+00:00,2021-02-01T12:00:00+00:00,['pm25']
US,SUTTER,17100,1,2016-03-06T19:00:00+00:00,2020-11-10T18:00:00+00:00,['o3']
US,SWAIN,30168973,2,2016-03-06T19:00:00+00:00,2021-02-01T12:00:00+00:00,"['o3', 'pm25']"
US,SWEETWATER,104178447,2,2016-03-06T20:00:00+00:00,2021-02-01T10:00:00+00:00,"['no2', 'o3', 'pm10', 'so2']"
US,Syracuse,7640,2,2014-04-28T00:00:00+00:00,2020-07-17T19:00:00+00:00,"['ch4', 'o3']"
US,Tahlequah,9266,1,2016-03-06T19:00:00+00:00,2017-12-06T21:00:00+00:00,['o3']
US,Tallahassee,104123925,2,2016-03-06T19:00:00+00:00,2021-02-01T03:00:00+00:00,"['co', 'o3', 'pm25']"
US,Tampa-St. Petersburg-Clearwater,435455734,10,2016-03-06T19:00:00+00:00,2021-02-01T11:00:00+00:00,"['no2', 'o3', 'pm10', 'pm25', 'so2']"
US,TANEY,9212,1,2016-03-06T19:00:00+00:00,2017-11-08T11:00:00+00:00,['o3']
US,Taos,30379444,1,2016-03-06T19:00:00+00:00,2021-02-01T11:00:00+00:00,['pm25']
US,TAYLOR,56359820,2,2016-03-06T19:00:00+00:00,2021-02-01T11:00:00+00:00,"['o3', 'pm25']"
US,Terre Haute,90343176,2,2016-03-06T19:00:00+00:00,2021-02-01T11:00:00+00:00,"['o3', 'pm25', 'so2']"
US,TETON,82425219,2,2016-03-06T19:00:00+00:00,2021-02-01T10:00:00+00:00,"['no2', 'o3', 'pm25']"
US,Texarkana,500,1,2016-03-21T19:00:00+00:00,2020-06-25T23:00:00+00:00,['pm25']
US,Thomasville-Lexington,30357840,2,2016-03-06T19:00:00+00:00,2021-02-01T12:00:00+00:00,['pm25']
US,TILLAMOOK,30106316,1,2020-07-23T20:00:00+00:00,2021-02-01T11:00:00+00:00,['pm25']
US,TIOGA,45087919,1,2016-03-06T19:00:00+00:00,2021-02-01T03:00:00+00:00,"['o3', 'pm25']"
US,Toledo,30292639,6,2016-03-06T19:00:00+00:00,2021-02-01T11:00:00+00:00,"['o3', 'pm25', 'so2']"
US,TOOELE,84629945,2,2016-03-06T19:00:00+00:00,2021-02-01T11:00:00+00:00,"['no2', 'o3', 'pm25']"
US,Topeka,91183234,1,2016-03-06T19:00:00+00:00,2021-02-01T11:00:00+00:00,"['o3', 'pm10', 'pm25']"
US,Torrington,68844752,1,2016-03-06T19:00:00+00:00,2021-02-01T11:00:00+00:00,"['co', 'o3', 'pm10', 'pm25', 'so2']"
US,Traverse City,21861,1,2016-04-04T14:00:00+00:00,2020-11-02T18:00:00+00:00,['o3']
US,TREGO,150595192,1,2016-03-06T19:00:00+00:00,2021-02-01T11:00:00+00:00,"['no2', 'o3', 'pm10', 'pm25', 'so2']"
US,Trenton-Ewing,68998543,2,2016-03-06T19:00:00+00:00,2021-02-01T10:00:00+00:00,"['o3', 'pm25']"
US,TRINITY,29813082,1,2018-11-15T23:00:00+00:00,2021-02-01T11:00:00+00:00,['pm25']
US,Truckee-Grass Valley,67497054,2,2016-03-10T08:00:00+00:00,2021-02-01T10:00:00+00:00,"['o3', 'pm25']"
US,TUCKER,26213322,1,2016-06-09T19:00:00+00:00,2021-02-01T03:00:00+00:00,['o3']
US,Tucson,478376710,10,2016-03-06T19:00:00+00:00,2021-02-01T11:00:00+00:00,"['o3', 'pm10', 'pm25']"
US,TULARE,77445479,3,2016-08-05T18:00:00+00:00,2021-02-01T10:00:00+00:00,"['o3', 'pm25']"
US,Tulsa,331806795,7,2016-03-06T19:00:00+00:00,2021-02-01T11:00:00+00:00,"['co', 'no2', 'o3', 'pm10', 'pm25', 'so2']"
US,TULSA,148384213,3,2016-03-06T19:00:00+00:00,2021-02-01T11:00:00+00:00,"['o3', 'pm10', 'pm25', 'so2']"
US,TUOLUMNE,549,3,2019-05-15T18:00:00+00:00,2019-05-28T17:00:00+00:00,['pm25']
US,Tupelo,21989,1,2016-03-06T19:00:00+00:00,2020-11-01T15:00:00+00:00,['o3']
US,Tuscaloosa,19223,1,2016-03-06T19:00:00+00:00,2020-11-02T13:00:00+00:00,['o3']
US,TUSCOLA,26110191,1,2016-03-11T22:00:00+00:00,2021-02-01T03:00:00+00:00,['o3']
US,TWIN FALLS,29833431,1,2016-03-06T19:00:00+00:00,2021-02-01T11:00:00+00:00,['pm25']
US,Tyler,29658492,1,2016-03-06T19:00:00+00:00,2021-02-01T11:00:00+00:00,['o3']
US,UINTAH,289006562,5,2016-03-06T19:00:00+00:00,2021-02-01T12:00:00+00:00,"['no2', 'o3', 'pm25']"
US,Ukiah,54251669,2,2016-03-06T19:00:00+00:00,2021-02-01T11:00:00+00:00,"['o3', 'pm25']"
US,UNION,139540863,2,2016-03-06T19:00:00+00:00,2021-02-01T11:00:00+00:00,"['co', 'o3', 'pm10', 'pm25', 'so2']"
US,UTAH,21270517,1,2019-09-16T18:00:00+00:00,2021-02-01T10:00:00+00:00,['pm25']
US,Utica-Rome,27267869,2,2016-03-10T07:00:00+00:00,2021-02-01T10:00:00+00:00,"['o3', 'pm25']"
US,Valdosta,30323401,1,2016-03-10T07:00:00+00:00,2021-02-01T10:00:00+00:00,"['pm10', 'pm25']"
US,Vallejo-Fairfield,238255502,5,2016-03-06T19:00:00+00:00,2021-02-01T10:00:00+00:00,"['co', 'no2', 'o3', 'pm25', 'so2']"
US,VALLEY,24668442,1,2016-06-06T14:00:00+00:00,2021-02-01T11:00:00+00:00,['pm25']
US,VAN BUREN,81997853,1,2016-03-06T19:00:00+00:00,2021-01-31T20:00:00+00:00,"['no2', 'o3', 'pm25', 'so2']"
US,Vero Beach,24508011,1,2016-06-09T19:00:00+00:00,2021-02-01T03:00:00+00:00,['o3']
US,Victoria,28924449,1,2016-03-06T19:00:00+00:00,2021-02-01T11:00:00+00:00,['o3']
US,VILAS,30398136,1,2016-04-05T17:00:00+00:00,2021-02-01T11:00:00+00:00,"['o3', 'pm25']"
US,Vincennes,26229519,1,2016-03-29T15:00:00+00:00,2021-02-01T03:00:00+00:00,['o3']
US,Vineland-Millville-Bridgeton,78065610,1,2016-03-06T19:00:00+00:00,2021-02-01T10:00:00+00:00,"['no2', 'o3', 'pm25']"
US,Virginia Beach-Norfolk-Newport News,286078212,4,2016-03-06T19:00:00+00:00,2021-02-01T10:00:00+00:00,"['co', 'no2', 'o3', 'pm25', 'so2']"
US,Visalia-Porterville,154096592,5,2016-03-06T19:00:00+00:00,2021-02-01T10:00:00+00:00,"['no2', 'o3', 'pm10', 'pm25']"
US,Wabash,25263861,1,2016-06-09T19:00:00+00:00,2021-02-01T03:00:00+00:00,['o3']
US,Waco,56510038,1,2016-03-06T19:00:00+00:00,2021-02-01T11:00:00+00:00,"['o3', 'pm25']"
US,Walla Walla,57541405,2,2016-03-06T19:00:00+00:00,2021-02-01T10:00:00+00:00,"['pm10', 'pm25']"
US,WALLOWA,26061363,1,2016-03-10T08:00:00+00:00,2021-02-01T11:00:00+00:00,['pm25']
US,Walterboro,25745,1,2016-03-06T20:00:00+00:00,2019-03-06T17:00:00+00:00,"['o3', 'pm25']"
US,Warner Robins,53357638,1,2016-03-06T19:00:00+00:00,2021-02-01T11:00:00+00:00,"['pm10', 'pm25']"
US,WARREN,109622680,1,2016-03-06T19:00:00+00:00,2021-02-01T10:00:00+00:00,"['no2', 'o3', 'pm25', 'so2']"
US,WASCO,5242,1,2018-05-17T20:00:00+00:00,2018-10-24T18:00:00+00:00,"['bc', 'pm25']"
US,Washington,24816998,1,2016-06-09T19:00:00+00:00,2021-02-01T03:00:00+00:00,['o3']
US,WASHINGTON,352723931,12,2016-03-06T19:00:00+00:00,2021-02-01T12:00:00+00:00,"['co', 'no2', 'o3', 'pm10', 'pm25', 'so2']"
US,Washington-Arlington-Alexandria,951878850,18,2016-03-06T19:00:00+00:00,2021-02-01T12:00:00+00:00,"['bc', 'co', 'no2', 'o3', 'pm10', 'pm25', 'so2']"
US,Waterloo-Cedar Falls,30080492,2,2016-03-06T19:00:00+00:00,2021-01-31T20:00:00+00:00,"['o3', 'pm25']"
US,Watertown-Fort Drum,25312558,1,2016-03-10T07:00:00+00:00,2021-02-01T10:00:00+00:00,['o3']
US,Wausau,15712,1,2016-04-05T17:00:00+00:00,2020-10-16T11:00:00+00:00,['o3']
US,WAYNE,225218003,5,2016-03-06T19:00:00+00:00,2021-02-01T11:00:00+00:00,"['co', 'no2', 'o3', 'pm25', 'so2']"
US,Weirton-Steubenville,59487566,2,2016-03-22T12:00:00+00:00,2021-02-01T11:00:00+00:00,"['o3', 'pm25', 'so2']"
US,WELD,54090855,1,2020-07-16T15:00:00+00:00,2021-02-01T10:00:00+00:00,"['no2', 'o3']"
US,Wenatchee,28201242,1,2016-03-06T20:00:00+00:00,2021-02-01T10:00:00+00:00,['pm25']
US,WESTON,26156054,1,2016-03-06T19:00:00+00:00,2021-02-01T10:00:00+00:00,['o3']
US,WEXFORD,25146904,1,2016-04-02T00:00:00+00:00,2021-02-01T03:00:00+00:00,['o3']
US,WHATCOM,58157292,2,2018-01-26T01:00:00+00:00,2021-02-01T10:00:00+00:00,['pm25']
US,Wheeling,26035,2,2016-03-06T19:00:00+00:00,2020-11-02T13:00:00+00:00,"['o3', 'pm25']"
US,WHITE PINE,24067511,1,2016-03-06T19:00:00+00:00,2021-02-01T10:00:00+00:00,['o3']
US,Whitewater,15286,2,2016-04-05T17:00:00+00:00,2020-10-16T18:00:00+00:00,['o3']
US,WHITLEY,4753,1,2016-03-06T19:00:00+00:00,2017-01-03T11:00:00+00:00,"['no2', 'pm25', 'so2']"
US,Wichita,289979472,5,2016-03-06T19:00:00+00:00,2021-02-01T11:00:00+00:00,"['no2', 'o3', 'pm10', 'pm25', 'so2']"
US,WILL,29566441,1,2018-01-02T19:00:00+00:00,2021-02-01T10:00:00+00:00,['pm25']
US,Williamsport,27873100,1,2016-03-06T19:00:00+00:00,2021-02-01T12:00:00+00:00,['o3']
US,Willimantic,19311079,1,2016-06-09T19:00:00+00:00,2021-02-01T03:00:00+00:00,['o3']
US,Wilmington,58343516,4,2016-03-06T19:00:00+00:00,2021-02-01T12:00:00+00:00,"['o3', 'pm10', 'pm25', 'so2']"
US,Winchester,57035731,1,2016-03-06T19:00:00+00:00,2021-02-01T10:00:00+00:00,"['o3', 'pm25']"
US,Winston-Salem,151457019,3,2016-03-06T19:00:00+00:00,2021-02-01T12:00:00+00:00,"['no2', 'o3', 'pm10', 'pm25', 'so2']"
US,Worcester,160682144,3,2016-03-10T07:00:00+00:00,2021-02-01T10:00:00+00:00,"['co', 'no2', 'o3', 'pm25', 'so2']"
US,WORCESTER,59969865,1,2020-05-01T18:00:00+00:00,2021-02-01T11:00:00+00:00,"['pm10', 'pm25']"
US,WYOMING,26857370,1,2019-12-12T15:00:00+00:00,2021-02-01T12:00:00+00:00,['pm25']
US,WYTHE,29048573,1,2016-03-06T19:00:00+00:00,2021-02-01T10:00:00+00:00,['o3']
US,Yakima,64258453,2,2016-03-06T19:00:00+00:00,2021-02-01T10:00:00+00:00,"['pm10', 'pm25']"
US,YAKIMA,54126508,2,2016-03-06T19:00:00+00:00,2021-02-01T10:00:00+00:00,['pm25']
US,YALOBUSHA,23567583,1,2016-08-28T13:00:00+00:00,2021-01-31T21:00:00+00:00,['o3']
US,YANCEY,15854,1,2016-03-29T15:00:00+00:00,2020-11-02T20:00:00+00:00,['o3']
US,YELLOWSTONE,57967539,2,2017-04-14T20:00:00+00:00,2021-02-01T10:00:00+00:00,"['pm25', 'so2']"
US,YORK,28340027,2,2016-03-06T19:00:00+00:00,2021-02-01T11:00:00+00:00,"['o3', 'so2']"
US,York-Hanover,86717236,2,2016-03-06T19:00:00+00:00,2021-02-01T12:00:00+00:00,"['o3', 'pm25']"
US,Youngstown-Warren-Boardman,173621545,9,2016-03-06T19:00:00+00:00,2021-02-01T12:00:00+00:00,"['o3', 'pm25', 'so2']"
US,Yuba City,85750268,2,2016-03-06T19:00:00+00:00,2021-02-01T08:00:00+00:00,"['no2', 'o3', 'pm10', 'pm25']"
US,YUKON-KOYUKUK,25139281,1,2016-03-06T19:00:00+00:00,2021-02-01T10:00:00+00:00,['o3']
US,Yuma,79317775,1,2016-03-10T07:00:00+00:00,2021-02-01T11:00:00+00:00,"['o3', 'pm10', 'pm25']"
